covidence,author,year,country,location,latitude,longitude,climate,expe_t,mat,map,soil,type,ph,om,om_units,oc,oc_units,texture,clay,clay_units,sand,sand_units,ec,ec_units,cec,cec_units,n,n_units,n_types,p,p_units,p_types,as_s,cd_s,cu_s,pb_s,zn_s,se_s,ni_s,co_s,mn_s,cr_s,hg_s,units_s,n_s,fraction_s,bioavailable,sp,name,cultivar,p_density,ba_total,ba_stem,ba_leaf,br,units_b,as_ba,cd_ba,cu_ba,pb_ba,zn_ba,se_ba,ni_ba,co_ba,mn_ba,cr_ba,hg_ba,units_te_ba,n_te_ba,organs_ba,as_br,cd_br,cu_br,pb_br,zn_br,se_br,ni_br,co_br,mn_br,cr_br,hg_br,units_te_br,n_te_br,organs_br,as_ba,cd_ba,cu_ba,pb_ba,zn_ba,se_ba,ni_ba,co_ba,mn_ba,cr_ba,hg_ba,units_te_ba,n_te_ba,organs_ba
63,Desjardins,2018,Canada,Montréal,45.563788,-73.562837,temperate,,6.8,,,,7.9,7.8,%,,,,20.6,%,52.3,%,,,47.0,meq 100 g−1,0.18,%,total,25.1,%,total,3.4,0.9,79.3,66.3,230.1,0.5,,,,67.0,,mg kg−1,32,total,water-soluble,F,Festuca arundinacea,,15 kg seeds/ha,346.6918466,,,223.5741663,g m−2,0.68,1.32,80.98,200.63,153.95,0.22,,,,12.23,,mg kg−1,4,Shoots,5.97,3.12,1354.32,94.34,747.76,1.8,,,,165.55,,mg kg−1,4,Roots,,,,,,,,,,,,,,
63,Desjardins,2018,Canada,Montréal,45.563788,-73.562837,temperate,,6.8,,,,7.9,7.8,%,,,,20.6,%,52.3,%,,,47.0,meq 100 g−2,0.18,%,total,25.1,%,total,3.4,0.9,79.3,66.3,230.1,0.5,,,,67.0,,mg kg−1,32,total,water-soluble,M,Medicago sativa,,15 kg seeds/ha,350.6616004,,,418.6311892,g m−2,1.13,0.48,104.47,76.86,200.30,0.30,,,,21.80,,mg kg−1,4,Shoots,0.86,0.77,101.69,19.6,153.19,0.28,,,,27.09,,mg kg−1,4,Roots,,,,,,,,,,,,,,
63,Desjardins,2018,Canada,Montréal,45.563788,-73.562837,temperate,,6.8,,,,7.9,7.8,%,,,,20.6,%,52.3,%,,,47.0,meq 100 g−3,0.18,%,total,25.1,%,total,3.4,0.9,79.3,66.3,230.1,0.5,,,,67.0,,mg kg−1,32,total,water-soluble,S,Salix miyabeana,SX67,6 ind./container,154.8204305,,,149.4296665,g m−2,0.86,7.92,25.72,9.23,637.36,0.27,,,,4.77,,mg kg−1,4,Shoots,3.81,2.93,687.35,59.19,540.28,1.38,,,,92.37,,mg kg−1,4,Roots,,,,,,,,,,,,,,
2560,Granel,2002,New Zealand,Palmerston North,40.2°S,175.4°E,,,,,,,5.7,,,63,g/kg,fine sandy loam,,,,,,,13.4,cmolc/kg,,,,,,,,0.3,,,64,,,,597,,,mg kg−1,,total,,1,Salix viminalis (L),,1 ind/pot,68.62275854,,,,g,,5.82515717,,,212.673653,,,,379.7295256,,,mg Kg-1,3,leaf,,,,,,,,,,,,,,,,,,,,,,,,,,,,
2560,Granel,2002,New Zealand,Palmerston North,40.2°S,175.4°E,,,,,,,5.7,,,63,g/kg,fine sandy loam,,,,,,,13.4,cmolc/kg,,,,,,,,0.3,,,64,,,,597,,,mg kg−1,,total,,2,Salix opaca (Anders Salix ex. Seemen),,1 ind/pot,98.42049172,,,,g,,4.611268699,,,58.28323776,,,,237.4454525,,,mg Kg-1,3,leaf,,,,,,,,,,,,,,,,,,,,,,,,,,,,
2560,Granel,2002,New Zealand,Palmerston North,40.2°S,175.4°E,,,,,,,5.7,,,63,g/kg,fine sandy loam,,,,,,,13.4,cmolc/kg,,,,,,,,0.3,,,64,,,,597,,,mg kg−1,,total,,3,Salix caprea (L.) x Salix viminalis (L.),,1 ind/pot,33.97195867,,,,g,,9.987018099,,,214.0971504,,,,666.48303,,,mg Kg-1,3,leaf,,,,,,,,,,,,,,,,,,,,,,,,,,,,
2560,Granel,2002,New Zealand,Palmerston North,40.2°S,175.4°E,,,,,,,5.7,,,63,g/kg,fine sandy loam,,,,,,,13.4,cmolc/kg,,,,,,,,0.3,,,64,,,,597,,,mg kg−1,,total,,4,Salix viminalis (L.),,1 ind/pot,75.9139733,,,,g,,4.867424485,,,193.1676996,,,,323.4491644,,,mg Kg-1,3,leaf,,,,,,,,,,,,,,,,,,,,,,,,,,,,
2560,Granel,2002,New Zealand,Palmerston North,40.2°S,175.4°E,,,,,,,5.7,,,63,g/kg,fine sandy loam,,,,,,,13.4,cmolc/kg,,,,,,,,0.3,,,64,,,,597,,,mg kg−1,,total,,5,Salix schwerinii (E. Wolf),,1 ind/pot,87.40664897,,,,g,,8.666801809,,,96.38555957,,,,352.1775084,,,mg Kg-1,3,leaf,,,,,,,,,,,,,,,,,,,,,,,,,,,,
2560,Granel,2002,New Zealand,Palmerston North,40.2°S,175.4°E,,,,,,,5.7,,,63,g/kg,fine sandy loam,,,,,,,13.4,cmolc/kg,,,,,,,,0.3,,,64,,,,597,,,mg kg−1,,total,,6,Salix disperma,,1 ind/pot,52.6439236,,,,g,,3.810689592,,,166.6184713,,,,97.27360852,,,mg Kg-1,3,leaf,,,,,,,,,,,,,,,,,,,,,,,,,,,,
2560,Granel,2002,New Zealand,Palmerston North,40.2°S,175.4°E,,,,,,,5.7,,,63,g/kg,fine sandy loam,,,,,,,13.4,cmolc/kg,,,,,,,,0.3,,,64,,,,597,,,mg kg−1,,total,,7,Salix dasyclados (Wimm.),,1 ind/pot,31.06043692,,,,g,,7.636813832,,,165.9473875,,,,482.0179877,,,mg Kg-1,3,leaf,,,,,,,,,,,,,,,,,,,,,,,,,,,,
2560,Granel,2002,New Zealand,Palmerston North,40.2°S,175.4°E,,,,,,,5.7,,,63,g/kg,fine sandy loam,,,,,,,13.4,cmolc/kg,,,,,,,,0.3,,,64,,,,597,,,mg kg−1,,total,,8,Salix triandra (L),,1 ind/pot,64.88281349,,,,g,,2.874348923,,,122.4356065,,,,592.8239872,,,mg Kg-1,3,leaf,,,,,,,,,,,,,,,,,,,,,,,,,,,,
2560,Granel,2002,New Zealand,Palmerston North,40.2°S,175.4°E,,,,,,,5.7,,,63,g/kg,fine sandy loam,,,,,,,13.4,cmolc/kg,,,,,,,,0.3,,,64,,,,597,,,mg kg−1,,total,,9,Salix matsudana (Koidz) x Salix alba (L.),clone 1,1 ind/pot,68.03329308,,,,g,,2.228472697,,,155.372706,,,,108.1275208,,,mg Kg-1,3,leaf,,,,,,,,,,,,,,,,,,,,,,,,,,,,
2560,Granel,2002,New Zealand,Palmerston North,40.2°S,175.4°E,,,,,,,5.7,,,63,g/kg,fine sandy loam,,,,,,,13.4,cmolc/kg,,,,,,,,0.3,,,64,,,,597,,,mg kg−1,,total,,10,Salix matsudana (Koidz) x Salix alba (L.),clone 2,1 ind/pot,64.66624516,,,,g,,5.429663635,,,187.0241065,,,,158.2197069,,,mg Kg-1,3,leaf,,,,,,,,,,,,,,,,,,,,,,,,,,,,
2560,Granel,2002,New Zealand,Palmerston North,40.2°S,175.4°E,,,,,,,5.7,,,63,g/kg,fine sandy loam,,,,,,,13.4,cmolc/kg,,,,,,,,0.3,,,64,,,,597,,,mg kg−1,,total,,11,Salix matsudana (Koidz) x Salix alba (L.),clone 3,1 ind/pot,75.09687736,,,,g,,1.708963511,,,124.6358833,,,,78.17213546,,,mg Kg-1,3,leaf,,,,,,,,,,,,,,,,,,,,,,,,,,,,
2560,Granel,2002,New Zealand,Palmerston North,40.2°S,175.4°E,,,,,,,5.7,,,63,g/kg,fine sandy loam,,,,,,,13.4,cmolc/kg,,,,,,,,0.3,,,64,,,,597,,,mg kg−1,,total,,12,Salix matsudana (Koidz) x Salix alba (L.),clone 4,1 ind/pot,39.99203216,,,,g,,1.839602996,,,117.9800078,,,,95.99585268,,,mg Kg-1,3,leaf,,,,,,,,,,,,,,,,,,,,,,,,,,,,
2560,Granel,2002,New Zealand,Palmerston North,40.2°S,175.4°E,,,,,,,5.7,,,63,g/kg,fine sandy loam,,,,,,,13.4,cmolc/kg,,,,,,,,0.3,,,64,,,,597,,,mg kg−1,,total,,13,Salix babylonica (L.) x Salixalba (L.),clone 1,1 ind/pot,69.46340436,,,,g,,1.927887679,,,96.66068185,,,,107.2925466,,,mg Kg-1,3,leaf,,,,,,,,,,,,,,,,,,,,,,,,,,,,
2560,Granel,2002,New Zealand,Palmerston North,40.2°S,175.4°E,,,,,,,5.7,,,63,g/kg,fine sandy loam,,,,,,,13.4,cmolc/kg,,,,,,,,0.3,,,64,,,,597,,,mg kg−1,,total,,14,Salix babylonica (L.) x Salixalba (L.),clone 2,1 ind/pot,52.92405784,,,,g,,1.56694445,,,104.1931112,,,,99.77828044,,,mg Kg-1,3,leaf,,,,,,,,,,,,,,,,,,,,,,,,,,,,
2560,Granel,2002,New Zealand,Palmerston North,40.2°S,175.4°E,,,,,,,5.7,,,63,g/kg,fine sandy loam,,,,,,,13.4,cmolc/kg,,,,,,,,0.3,,,64,,,,597,,,mg kg−1,,total,,15,Salix fragilis (L.),,1 ind/pot,53.73457837,,,,g,,6.765966693,,,210.9833892,,,,472.4418313,,,mg Kg-1,3,leaf,,,,,,,,,,,,,,,,,,,,,,,,,,,,
3089,Harada,2011,Japan,Hokkaido,42°N,140°E,,,,,,,4.82,,,,,,,,,,,,19.3,cmolc kg-1,,,,,,,,1.0,95.3,100.0,484.2,,,,,,,mg kg−1,6,total,,,Salix miyabeana, subsp. miyabeana,,,,,,,,11.4,9.4,5.9,1571.3,,,,,,,mg Kg-1,6,leaves,,,,,,,,,,,,,,,,,,,,,,,,,,,,
8913,Cicek,2004,Turkey,Tavsanli District,,, transfer-featured climate between continental climate and temperate climate,,10.6,564.6,1,,7.60,3.18,%,,,Clay sand silt,,,,,,,,,,,,,,,,14.615384615384600,194.1176470588240,322.64150943396200,469.1803278688530,,364.5901639344260,,,196.30872483221500,,mg kg−1,,total,,,Salix alba,,,,,,,,,6.5642446046063200,22.142846243722100,48.364468213929200,159.344262295082,,61.53847202359930,,,94.39024038955910,,mg Kg-1,,leaf,,,,,,,,,,,,,,,,,,,,,,,,,,,,
8913,Cicek,2004,Turkey,Tavsanli District,,, transfer-featured climate between continental climate and temperate climate,,10.6,564.6,2,,7.60,3.18,%,,,Clay sand silt,,,,,,,,,,,,,,,,17.403846153846200,210.7843137254900,301.4150943396230,510.49180327868900,,372.4590163934430,,,213.42281879194600,,mg kg−1,,total,,,Salix alba,,,,,,,,,7.192736211324160,28.571417672293500,54.67287920397900,118.03278688524600,,60.54593141269490,,,94.39024038955910,,mg Kg-1,,leaf,,,,,,,,,,,,,,,,,,,,,,,,,,,,
8913,Cicek,2004,Turkey,Tavsanli District,,, transfer-featured climate between continental climate and temperate climate,,10.6,564.6,3,,7.60,3.18,%,,,Clay sand silt,,,,,,,,,,,,,,,,20.384615384615400,262.7450980392160,380.66037735849100,784.9180327868850,,369.83606557377000,,,277.8523489932890,,mg kg−1,,total,,,Salix alba,,,,,,,,,6.983239009084880,58.57141767229350,48.364468213929200,221.31147540983600,,62.53101263450360,,,105.36584973718200,,mg Kg-1,,leaf,,,,,,,,,,,,,,,,,,,,,,,,,,,,
8913,Cicek,2004,Turkey,Tavsanli District,,, transfer-featured climate between continental climate and temperate climate,,10.6,564.6,4,,7.60,3.18,%,,,Clay sand silt,,,,,,,,,,,,,,,,21.826923076923100,254.9019607843140,401.88679245283000,705.2459016393440,,314.7540983606560,,,244.6308724832220,,mg kg−1,,total,,,Salix alba,,,,,,,,,4.399441247024940,49.99998910086500,45.210262718904300,203.6065573770490,,33.74692599790770,,,96.58536225908370,,mg Kg-1,,leaf,,,,,,,,,,,,,,,,,,,,,,,,,,,,
8913,Cicek,2004,Turkey,Tavsanli District,,, transfer-featured climate between continental climate and temperate climate,,10.6,564.6,5,,7.60,3.18,%,,,Clay sand silt,,,,,,,,,,,,,,,,10.192307692307700,168.62745098039200,161.32075471698100,365.9016393442620,,246.5573770491800,,,114.76510067114100,,mg kg−1,,total,,,Salix alba,,,,,,,,,2.863129496161400,25.000010899135000,38.90185172885460,35.40983606557380,,25.806464803882900,,,52.68292486859110,,mg Kg-1,,leaf,,,,,,,,,,,,,,,,,,,,,,,,,,,,
8913,Cicek,2004,Turkey,Tavsanli District,,, transfer-featured climate between continental climate and temperate climate,,10.6,564.6,6,,7.60,3.18,%,,,Clay sand silt,,,,,,,,,,,,,,,,4.230769230769230,26.470588235294100,59.43396226415090,76.72131147540980,,72.1311475409836,,,48.322147651006700,,mg kg−1,,total,,,Salix alba,,,,,,,,,0.20949720223928300,7.857153756277900,8.411230696518420,8.852459016393440,,18.85858965635920,,,6.585365608573890,,mg Kg-1,,leaf,,,,,,,,,,,,,,,,,,,,,,,,,,,,
8913,Cicek,2004,Turkey,Tavsanli District,,, transfer-featured climate between continental climate and temperate climate,,10.6,564.6,7,,7.60,3.18,%,,,Clay sand silt,,,,,,,,,,,,,,,,1.5384615384615400,12.745098039215700,15.566037735849100,20.655737704918000,,20.983606557377000,,,32.214765100671100,,mg kg−1,,total,,,Salix alba,,,,,,,,,0.1396658670507280,2.8571319580078100,0,5.901639344262300,,5.955334536619390,,,6.585365608573890,,mg Kg-1,,leaf,,,,,,,,,,,,,,,,,,,,,,,,,,,,
8913,Cicek,2004,Turkey,Tavsanli District,,, transfer-featured climate between continental climate and temperate climate,,10.6,564.6,1,,7.60,3.18,%,,,Clay sand silt,,,,,,,,,,,,,,,,14.615384615384600,194.1176470588240,322.64150943396200,469.1803278688530,,364.5901639344260,,,196.30872483221500,,mg kg−1,,total,,,Populus tremula,,,,,,,,,6.494413269417760,22.142846243722100,50.467287920397900,159.344262295082,,58.56080475528960,,,98.04878800373400,,mg Kg-1,,leaf,,,,,,,,,,,,,,,,,,,,,,,,,,,,
8913,Cicek,2004,Turkey,Tavsanli District,,, transfer-featured climate between continental climate and temperate climate,,10.6,564.6,2,,7.60,3.18,%,,,Clay sand silt,,,,,,,,,,,,,,,,17.403846153846200,210.7843137254900,301.4150943396230,510.49180327868900,,372.4590163934430,,,213.42281879194600,,mg kg−1,,total,,,Populus tremula,,,,,,,,,6.5642446046063200,27.142868041992200,52.57010762686660,118.03278688524600,,67.49380656021860,,,95.85366613420940,,mg Kg-1,,leaf,,,,,,,,,,,,,,,,,,,,,,,,,,,,
8913,Cicek,2004,Turkey,Tavsanli District,,, transfer-featured climate between continental climate and temperate climate,,10.6,564.6,3,,7.60,3.18,%,,,Clay sand silt,,,,,,,,,,,,,,,,20.384615384615400,262.7450980392160,380.66037735849100,784.9180327868850,,369.83606557377000,,,277.8523489932890,,mg kg−1,,total,,,Populus tremula,,,,,,,,,6.63407913646849,54.285703386579200,49.415902131841700,215.40983606557400,,82.3821429017671,,,105.36584973718200,,mg Kg-1,,leaf,,,,,,,,,,,,,,,,,,,,,,,,,,,,
8913,Cicek,2004,Turkey,Tavsanli District,,, transfer-featured climate between continental climate and temperate climate,,10.6,564.6,4,,7.60,3.18,%,,,Clay sand silt,,,,,,,,,,,,,,,,21.826923076923100,254.9019607843140,401.88679245283000,705.2459016393440,,314.7540983606560,,,244.6308724832220,,mg kg−1,,total,,,Populus tremula,,,,,,,,,3.701118305118530,37.8571537562779,49.415902131841700,203.6065573770490,,38.70967448802600,,,84.14632716681030,,mg Kg-1,,leaf,,,,,,,,,,,,,,,,,,,,,,,,,,,,
8913,Cicek,2004,Turkey,Tavsanli District,,, transfer-featured climate between continental climate and temperate climate,,10.6,564.6,5,,7.60,3.18,%,,,Clay sand silt,,,,,,,,,,,,,,,,10.192307692307700,168.62745098039200,161.32075471698100,365.9016393442620,,246.5573770491800,,,114.76510067114100,,mg kg−1,,total,,,Populus tremula,,,,,,,,,2.374300559820660,24.28570338657920,39.9532856467671,35.40983606557380,,19.85113026726350,,,46.097559260017200,,mg Kg-1,,leaf,,,,,,,,,,,,,,,,,,,,,,,,,,,,
8913,Cicek,2004,Turkey,Tavsanli District,,, transfer-featured climate between continental climate and temperate climate,,10.6,564.6,6,,7.60,3.18,%,,,Clay sand silt,,,,,,,,,,,,,,,,4.230769230769230,26.470588235294100,59.43396226415090,76.72131147540980,,72.1311475409836,,,48.322147651006700,,mg kg−1,,total,,,Populus tremula,,,,,,,,,0.1396658670507280,8.571428571428570,15.771027475124300,5.901639344262300,,17.86600360985820,,,7.317061733448240,,mg Kg-1,,leaf,,,,,,,,,,,,,,,,,,,,,,,,,,,,
8913,Cicek,2004,Turkey,Tavsanli District,,, transfer-featured climate between continental climate and temperate climate,,10.6,564.6,7,,7.60,3.18,%,,,Clay sand silt,,,,,,,,,,,,,,,,1.5384615384615400,12.745098039215700,15.566037735849100,20.655737704918000,,20.983606557377000,,,32.214765100671100,,mg kg−1,,total,,,Populus tremula,,,,,,,,,0.20949720223928300,3.571439470563620,0,2.9508196721311500,,5.955334536619390,,,3.6585476141749100,,mg Kg-1,,leaf,,,,,,,,,,,,,,,,,,,,,,,,,,,,
8913,Cicek,2004,Turkey,Tavsanli District,,, transfer-featured climate between continental climate and temperate climate,,10.6,564.6,1,,7.60,3.18,%,,,Clay sand silt,,,,,,,,,,,,,,,,14.615384615384600,194.1176470588240,322.64150943396200,469.1803278688530,,364.5901639344260,,,196.30872483221500,,mg kg−1,,total,,,Pinus nigra,ssp. pallasiana,,,,,,,,5.796090327511360,20.714296613420800,47.313082425373000,120.98360655737700,,34.739466608812,,,88.53657090585960,,mg Kg-1,,leaf,,,,,,,,,,,,,,,,,,,,,,,,,,,,
8913,Cicek,2004,Turkey,Tavsanli District,,, transfer-featured climate between continental climate and temperate climate,,10.6,564.6,2,,7.60,3.18,%,,,Clay sand silt,,,,,,,,,,,,,,,,17.403846153846200,210.7843137254900,301.4150943396230,510.49180327868900,,372.4590163934430,,,213.42281879194600,,mg kg−1,,total,,,Pinus nigra,ssp. pallasiana,,,,,,,,5.796090327511360,22.857153756277900,48.364468213929200,115.08196721311500,,46.65013568205080,,,92.19511852003450,,mg Kg-1,,leaf,,,,,,,,,,,,,,,,,,,,,,,,,,,,
8913,Cicek,2004,Turkey,Tavsanli District,,, transfer-featured climate between continental climate and temperate climate,,10.6,564.6,3,,7.60,3.18,%,,,Clay sand silt,,,,,,,,,,,,,,,,20.384615384615400,262.7450980392160,380.66037735849100,784.9180327868850,,369.83606557377000,,,277.8523489932890,,mg kg−1,,total,,,Pinus nigra,ssp. pallasiana,,,,,,,,5.516758593409900,42.14286804199220,45.210262718904300,188.85245901639300,,44.6650090246454,,,84.14632716681030,,mg Kg-1,,leaf,,,,,,,,,,,,,,,,,,,,,,,,,,,,
8913,Cicek,2004,Turkey,Tavsanli District,,, transfer-featured climate between continental climate and temperate climate,,10.6,564.6,4,,7.60,3.18,%,,,Clay sand silt,,,,,,,,,,,,,,,,21.826923076923100,254.9019607843140,401.88679245283000,705.2459016393440,,314.7540983606560,,,244.6308724832220,,mg kg−1,,total,,,Pinus nigra,ssp. pallasiana,,,,,,,,3.3519552358285200,30,42.05605722387950,182.95081967213100,,29.776672683096900,,,76.82926543336210,,mg Kg-1,,leaf,,,,,,,,,,,,,,,,,,,,,,,,,,,,
8913,Cicek,2004,Turkey,Tavsanli District,,, transfer-featured climate between continental climate and temperate climate,,10.6,564.6,5,,7.60,3.18,%,,,Clay sand silt,,,,,,,,,,,,,,,,10.192307692307700,168.62745098039200,161.32075471698100,365.9016393442620,,246.5573770491800,,,114.76510067114100,,mg kg−1,,total,,,Pinus nigra,ssp. pallasiana,,,,,,,,2.0251406872042700,21.428571428571400,18.92523297014920,32.459016393442600,,13.895795730644200,,,27.07315855916990,,mg Kg-1,,leaf,,,,,,,,,,,,,,,,,,,,,,,,,,,,
8913,Cicek,2004,Turkey,Tavsanli District,,, transfer-featured climate between continental climate and temperate climate,,10.6,564.6,6,,7.60,3.18,%,,,Clay sand silt,,,,,,,,,,,,,,,,4.230769230769230,26.470588235294100,59.43396226415090,76.72131147540980,,72.1311475409836,,,48.322147651006700,,mg kg−1,,total,,,Pinus nigra,ssp. pallasiana,,,,,,,,0,4.999989100864960,8.411230696518420,2.9508196721311500,,1.9851266574053800,,,2.9268179943989800,,mg Kg-1,,leaf,,,,,,,,,,,,,,,,,,,,,,,,,,,,
8913,Cicek,2004,Turkey,Tavsanli District,,, transfer-featured climate between continental climate and temperate climate,,10.6,564.6,7,,7.60,3.18,%,,,Clay sand silt,,,,,,,,,,,,,,,,1.5384615384615400,12.745098039215700,15.566037735849100,20.655737704918000,,20.983606557377000,,,32.214765100671100,,mg kg−1,,total,,,Pinus nigra,ssp. pallasiana,,,,,,,,0,3.571439470563620,0,2.9508196721311500,,1.9851266574053800,,,2.1951218695246300,,mg Kg-1,,leaf,,,,,,,,,,,,,,,,,,,,,,,,,,,,
8913,Cicek,2004,Turkey,Tavsanli District,,, transfer-featured climate between continental climate and temperate climate,,10.6,564.6,1,,7.60,3.18,%,,,Clay sand silt,,,,,,,,,,,,,,,,14.615384615384600,194.1176470588240,322.64150943396200,469.1803278688530,,364.5901639344260,,,196.30872483221500,,mg kg−1,,total,,,Robinia pseudoacacia,,,,,,,,,6.7737418068456000,22.142846243722100,50.467287920397900,159.344262295082,,56.57567809788420,,,96.58536225908370,,mg Kg-1,,leaf,,,,,,,,,,,,,,,,,,,,,,,,,,,,
8913,Cicek,2004,Turkey,Tavsanli District,,, transfer-featured climate between continental climate and temperate climate,,10.6,564.6,2,,7.60,3.18,%,,,Clay sand silt,,,,,,,,,,,,,,,,17.403846153846200,210.7843137254900,301.4150943396230,510.49180327868900,,372.4590163934430,,,213.42281879194600,,mg kg−1,,total,,,Robinia pseudoacacia,,,,,,,,,6.703910471657050,29.28572518484930,53.62149341542280,120.98360655737700,,67.49380656021860,,,95.85366613420940,,mg Kg-1,,leaf,,,,,,,,,,,,,,,,,,,,,,,,,,,,
8913,Cicek,2004,Turkey,Tavsanli District,,, transfer-featured climate between continental climate and temperate climate,,10.6,564.6,3,,7.60,3.18,%,,,Clay sand silt,,,,,,,,,,,,,,,,20.384615384615400,262.7450980392160,380.66037735849100,784.9180327868850,,369.83606557377000,,,277.8523489932890,,mg kg−1,,total,,,Robinia pseudoacacia,,,,,,,,,5.865921662699910,59.285725184849300,50.467287920397900,218.36065573770500,,47.642676292955100,,,111.21951922088200,,mg Kg-1,,leaf,,,,,,,,,,,,,,,,,,,,,,,,,,,,
8913,Cicek,2004,Turkey,Tavsanli District,,, transfer-featured climate between continental climate and temperate climate,,10.6,564.6,4,,7.60,3.18,%,,,Clay sand silt,,,,,,,,,,,,,,,,21.826923076923100,254.9019607843140,401.88679245283000,705.2459016393440,,314.7540983606560,,,244.6308724832220,,mg kg−1,,total,,,Robinia pseudoacacia,,,,,,,,,4.189944044785650,46.42858232770650,49.415902131841700,200.65573770491800,,37.7171338771217,,,105.36584973718200,,mg Kg-1,,leaf,,,,,,,,,,,,,,,,,,,,,,,,,,,,
8913,Cicek,2004,Turkey,Tavsanli District,,, transfer-featured climate between continental climate and temperate climate,,10.6,564.6,5,,7.60,3.18,%,,,Clay sand silt,,,,,,,,,,,,,,,,10.192307692307700,168.62745098039200,161.32075471698100,365.9016393442620,,246.5573770491800,,,114.76510067114100,,mg kg−1,,total,,,Robinia pseudoacacia,,,,,,,,,2.5139664268713900,25.714285714285700,36.79908015174220,32.459016393442600,,16.873462998953800,,,54.14635061324140,,mg Kg-1,,leaf,,,,,,,,,,,,,,,,,,,,,,,,,,,,
8913,Cicek,2004,Turkey,Tavsanli District,,, transfer-featured climate between continental climate and temperate climate,,10.6,564.6,6,,7.60,3.18,%,,,Clay sand silt,,,,,,,,,,,,,,,,4.230769230769230,26.470588235294100,59.43396226415090,76.72131147540980,,72.1311475409836,,,48.322147651006700,,mg kg−1,,total,,,Robinia pseudoacacia,,,,,,,,,0.2793285374278380,8.571428571428570,14.719641686568200,5.901639344262300,,12.903255119739800,,,5.853669483699540,,mg Kg-1,,leaf,,,,,,,,,,,,,,,,,,,,,,,,,,,,
8913,Cicek,2004,Turkey,Tavsanli District,,, transfer-featured climate between continental climate and temperate climate,,10.6,564.6,7,,7.60,3.18,%,,,Clay sand silt,,,,,,,,,,,,,,,,1.5384615384615400,12.745098039215700,15.566037735849100,20.655737704918000,,20.983606557377000,,,32.214765100671100,,mg kg−1,,total,,,Robinia pseudoacacia,,,,,,,,,0.20949720223928300,2.142857142857140,0,2.9508196721311500,,8.93300180492908,,,4.390243739049260,,mg Kg-1,,leaf,,,,,,,,,,,,,,,,,,,,,,,,,,,,
8913,Cicek,2004,Turkey,Tavsanli District,,, transfer-featured climate between continental climate and temperate climate,,10.6,564.6,1,,7.60,3.18,%,,,Clay sand silt,,,,,,,,,,,,,,,,14.615384615384600,194.1176470588240,322.64150943396200,469.1803278688530,,364.5901639344260,,,196.30872483221500,,mg kg−1,,total,,,Quercus infectoria,,,,,,,,,6.5642446046063200,21.428571428571400,49.415902131841700,159.344262295082,,44.6650090246454,,,96.58536225908370,,mg Kg-1,,leaf,,,,,,,,,,,,,,,,,,,,,,,,,,,,
8913,Cicek,2004,Turkey,Tavsanli District,,, transfer-featured climate between continental climate and temperate climate,,10.6,564.6,2,,7.60,3.18,%,,,Clay sand silt,,,,,,,,,,,,,,,,17.403846153846200,210.7843137254900,301.4150943396230,510.49180327868900,,372.4590163934430,,,213.42281879194600,,mg kg−1,,total,,,Quercus infectoria,,,,,,,,,6.63407913646849,25.714285714285700,51.51867370895410,120.98360655737700,,70.47147382852830,,,92.19511852003450,,mg Kg-1,,leaf,,,,,,,,,,,,,,,,,,,,,,,,,,,,
8913,Cicek,2004,Turkey,Tavsanli District,,, transfer-featured climate between continental climate and temperate climate,,10.6,564.6,3,,7.60,3.18,%,,,Clay sand silt,,,,,,,,,,,,,,,,20.384615384615400,262.7450980392160,380.66037735849100,784.9180327868850,,369.83606557377000,,,277.8523489932890,,mg kg−1,,total,,,Quercus infectoria,,,,,,,,,6.005587529750640,45.71427481515070,50.467287920397900,209.5081967213120,,48.635262339456200,,,103.90242399253200,,mg Kg-1,,leaf,,,,,,,,,,,,,,,,,,,,,,,,,,,,
8913,Cicek,2004,Turkey,Tavsanli District,,, transfer-featured climate between continental climate and temperate climate,,10.6,564.6,4,,7.60,3.18,%,,,Clay sand silt,,,,,,,,,,,,,,,,21.826923076923100,254.9019607843140,401.88679245283000,705.2459016393440,,314.7540983606560,,,244.6308724832220,,mg kg−1,,total,,,Quercus infectoria,,,,,,,,,4.259775379974210,41.42856052943640,47.313082425373000,200.65573770491800,,33.74692599790770,,,80.48781304753700,,mg Kg-1,,leaf,,,,,,,,,,,,,,,,,,,,,,,,,,,,
8913,Cicek,2004,Turkey,Tavsanli District,,, transfer-featured climate between continental climate and temperate climate,,10.6,564.6,5,,7.60,3.18,%,,,Clay sand silt,,,,,,,,,,,,,,,,10.192307692307700,168.62745098039200,161.32075471698100,365.9016393442620,,246.5573770491800,,,114.76510067114100,,mg kg−1,,total,,,Quercus infectoria,,,,,,,,,2.444135091682840,22.857153756277900,33.64487465671740,35.40983606557380,,19.85113026726350,,,36.58537565704440,,mg Kg-1,,leaf,,,,,,,,,,,,,,,,,,,,,,,,,,,,
8913,Cicek,2004,Turkey,Tavsanli District,,, transfer-featured climate between continental climate and temperate climate,,10.6,564.6,6,,7.60,3.18,%,,,Clay sand silt,,,,,,,,,,,,,,,,4.230769230769230,26.470588235294100,59.43396226415090,76.72131147540980,,72.1311475409836,,,48.322147651006700,,mg kg−1,,total,,,Quercus infectoria,,,,,,,,,0.1396658670507280,8.571428571428570,12.616821980099500,5.901639344262300,,13.895795730644200,,,4.390243739049260,,mg Kg-1,,leaf,,,,,,,,,,,,,,,,,,,,,,,,,,,,
8913,Cicek,2004,Turkey,Tavsanli District,,, transfer-featured climate between continental climate and temperate climate,,10.6,564.6,7,,7.60,3.18,%,,,Clay sand silt,,,,,,,,,,,,,,,,1.5384615384615400,12.745098039215700,15.566037735849100,20.655737704918000,,20.983606557377000,,,32.214765100671100,,mg kg−1,,total,,,Quercus infectoria,,,,,,,,,0.1396658670507280,2.142857142857140,0,5.901639344262300,,4.962793925715070,,,3.6585476141749100,,mg Kg-1,,leaf,,,,,,,,,,,,,,,,,,,,,,,,,,,,
2392,Kacalkova,2014,Czech Republic,Hradec Králové,,,,,,,F3,Luvisol,7.4,,,,,Loamy,,,,,,,,,,,,,,,,2.0,,44,,,31,,,40,,mg kg−1,,total,Bioavailable (unspecified method),Maize,Zea mays,,,,,,,,,0.12,,1.2,,,1.2,,,1.16,,mg Kg-1,,leaves,,0.73,,3.75,,,3.91,,,4.08,,mg Kg-1,,Roots,,0.4,,0.57,,,0.85,,,0.89,,mg Kg-1,,Stalks
2392,Kacalkova,2014,Czech Republic,Hradec Králové,,,,,,,F4,Luvisol,7.4,,,,,Loamy,,,,,,,,,,,,,,,,1.6,,193,,,23,,,39,,mg kg−1,,total,Bioavailable (unspecified method),Maize,Zea mays,,,,,,,,,0.19,,1.51,,,1.13,,,2.12,,mg Kg-1,,leaves,,0.65,,8.45,,,4.09,,,3.43,,mg Kg-1,,Roots,,0.18,,0.61,,,0.73,,,0.75,,mg Kg-1,,Stalks
2392,Kacalkova,2014,Czech Republic,Hradec Králové,,,,,,,F5,Luvisol,6.1,,,,,Loamy,,,,,,,,,,,,,,,,6.8,,167,,,122,,,141,,mg kg−1,,total,Bioavailable (unspecified method),Maize,Zea mays,,,,,,,,,0.18,,4.4,,,0.92,,,1.08,,mg Kg-1,,leaves,,0.62,,4.12,,,2.77,,,3.12,,mg Kg-1,,Roots,,0.27,,3.4,,,0.79,,,0.61,,mg Kg-1,,Stalks
2392,Kacalkova,2014,Czech Republic,Hradec Králové,,,,,,,F3,Luvisol,7.4,,,,,Loamy,,,,,,,,,,,,,,,,2.0,,44,,,31,,,40,,mg kg−1,,total,Bioavailable (unspecified method),Sunflower,Helianthus annuus,,,,,,,,,0.66,,1.2,,,1.2,,,1.23,,mg Kg-1,,leaves,,0.55,,1.22,,,3.04,,,2.99,,mg Kg-1,,Roots,,0.56,,1.1,,,1.32,,,0.23,,mg Kg-1,,Stalks
2392,Kacalkova,2014,Czech Republic,Hradec Králové,,,,,,,F4,Luvisol,7.4,,,,,Loamy,,,,,,,,,,,,,,,,1.6,,193,,,23,,,39,,mg kg−1,,total,Bioavailable (unspecified method),Sunflower,Helianthus annuus,,,,,,,,,0.49,,1.27,,,1.34,,,1.14,,mg Kg-1,,leaves,,1.09,,2.33,,,4.04,,,7.02,,mg Kg-1,,Roots,,0.39,,1.45,,,0.91,,,0.25,,mg Kg-1,,Stalks
2392,Kacalkova,2014,Czech Republic,Hradec Králové,,,,,,,F5,Luvisol,6.1,,,,,Loamy,,,,,,,,,,,,,,,,6.8,,167,,,122,,,141,,mg kg−1,,total,Bioavailable (unspecified method),Sunflower,Helianthus annuus,,,,,,,,,0.74,,3.4,,,3.35,,,0.52,,mg Kg-1,,leaves,,0.59,,9.76,,,5.04,,,6.83,,mg Kg-1,,Roots,,0.44,,3.8,,,1.36,,,0.71,,mg Kg-1,,Stalks
2392,Kacalkova,2014,Czech Republic,Hradec Králové,,,,,,,F3,Luvisol,7.4,,,,,Loamy,,,,,,,,,,,,,,,,2.0,,44,,,31,,,40,,mg kg−1,,total,Bioavailable (unspecified method),Willow,Salix gmelinii ,Salix x smithiana,,,,,,,,1.87,,1.01,,,1.93,,,0.39,,mg Kg-1,,leaves,,3.05,,0.83,,,3.06,,,0.42,,mg Kg-1,,Roots,,1.29,,0.82,,,0.81,,,0.51,,mg Kg-1,,Stalks
2392,Kacalkova,2014,Czech Republic,Hradec Králové,,,,,,,F4,Luvisol,7.4,,,,,Loamy,,,,,,,,,,,,,,,,1.6,,193,,,23,,,39,,mg kg−1,,total,Bioavailable (unspecified method),Willow,Salix gmelinii ,Salix x smithiana,,,,,,,,1.97,,1.95,,,2.59,,,0.46,,mg Kg-1,,leaves,,0.72,,3.37,,,2.36,,,0.89,,mg Kg-1,,Roots,,1.16,,0.78,,,0.94,,,0.45,,mg Kg-1,,Stalks
2392,Kacalkova,2014,Czech Republic,Hradec Králové,,,,,,,F5,Luvisol,6.1,,,,,Loamy,,,,,,,,,,,,,,,,6.8,,167,,,122,,,141,,mg kg−1,,total,Bioavailable (unspecified method),Willow,Salix gmelinii ,Salix x smithiana,,,,,,,,1.38,,1.95,,,3.88,,,0.17,,mg Kg-1,,leaves,,1.36,,2.96,,,3.1,,,2.89,,mg Kg-1,,Roots,,1.35,,2.05,,,1.41,,,0.34,,mg Kg-1,,Stalks
2392,Kacalkova,2014,Czech Republic,Hradec Králové,,,,,,,F3,Luvisol,7.4,,,,,Loamy,,,,,,,,,,,,,,,,2.0,,44,,,31,,,40,,mg kg−1,,total,Bioavailable (unspecified method),Poplar,Populus nigra,,,,,,,,,0.99,,0.51,,,0.6,,,0.2,,mg Kg-1,,leaves,,0.69,,1.39,,,0.83,,,0.6,,mg Kg-1,,Roots,,0.94,,0.52,,,0.59,,,0.15,,mg Kg-1,,Stalks
2392,Kacalkova,2014,Czech Republic,Hradec Králové,,,,,,,F4,Luvisol,7.4,,,,,Loamy,,,,,,,,,,,,,,,,1.6,,193,,,23,,,39,,mg kg−1,,total,Bioavailable (unspecified method),Poplar,Populus nigra,,,,,,,,,1.03,,1.24,,,1.26,,,0.67,,mg Kg-1,,leaves,,0.77,,1.64,,,1.78,,,1.06,,mg Kg-1,,Roots,,0.57,,0.57,,,0.51,,,0.16,,mg Kg-1,,Stalks
2392,Kacalkova,2014,Czech Republic,Hradec Králové,,,,,,,F5,Luvisol,6.1,,,,,Loamy,,,,,,,,,,,,,,,,6.8,,167,,,122,,,141,,mg kg−1,,total,Bioavailable (unspecified method),Poplar,Populus nigra,,,,,,,,,1.18,,1.62,,,1.1,,,0.78,,mg Kg-1,,leaves,,0.66,,1.33,,,0.98,,,0.74,,mg Kg-1,,Roots,,0.94,,1.01,,,0.58,,,0.31,,mg Kg-1,,Stalks
255,Kacálková,2015,Czech Republic,Hradec Králové,,,,,,,F3,Luvisol,7.41,,,,,Loamy,,,,,,,,,,,,133,mg kg−1,total,,0.53,24.4,,96.1,,,,,,,mg kg−1,,total,Available metal concentrations,W1,Salix rubens,,,,,,,,,7.26,11,,1050,,,,,,,mg Kg-1,,leaves,,0.65,9,,55,,,,,,,mg Kg-1,,Roots,,3.98,17.7,,330,,,,,,,mg Kg-1,,Twigs
255,Kacálková,2015,Czech Republic,Hradec Králové,,,,,,,F4,Luvisol,7.45,,,,,Loamy,,,,,,,,,,,,118,mg kg−1,total,,0.91,51.6,,124,,,,,,,mg kg−1,,total,Available metal concentrations,W1,Salix rubens,,,,,,,,,5.32,8.9,,851,,,,,,,mg Kg-1,,leaves,,1.74,9.1,,53.8,,,,,,,mg Kg-1,,Roots,,3.05,11.7,,212,,,,,,,mg Kg-1,,Twigs
255,Kacálková,2015,Czech Republic,Hradec Králové,,,,,,,F5,Luvisol,6.09,,,,,Loamy,,,,,,,,,,,,1042,mg kg−1,total,,1.3,80.8,,174,,,,,,,mg kg−1,,total,Available metal concentrations,W1,Salix rubens,,,,,,,,,5.16,12.2,,1012,,,,,,,mg Kg-1,,leaves,,0.46,8.9,,33.9,,,,,,,mg Kg-1,,Roots,,2.47,13.1,,262,,,,,,,mg Kg-1,,Twigs
255,Kacálková,2015,Czech Republic,Hradec Králové,,,,,,,F3,Luvisol,7.41,,,,,Loamy,,,,,,,,,,,,133,mg kg−1,total,,0.53,24.4,,96.1,,,,,,,mg kg−1,,total,Available metal concentrations,W2,Salix gmelinii ,Salix x smithiana,,,,,,,,8.18,12.3,,1020,,,,,,,mg Kg-1,,leaves,,1.83,7,,51.9,,,,,,,mg Kg-1,,Roots,,3.65,11.7,,316,,,,,,,mg Kg-1,,Twigs
255,Kacálková,2015,Czech Republic,Hradec Králové,,,,,,,F4,Luvisol,7.45,,,,,Loamy,,,,,,,,,,,,118,mg kg−1,total,,0.91,51.6,,124,,,,,,,mg kg−1,,total,Available metal concentrations,W2,Salix gmelinii ,Salix x smithiana,,,,,,,,7.31,9.7,,794,,,,,,,mg Kg-1,,leaves,,1.28,9.4,,67.7,,,,,,,mg Kg-1,,Roots,,4.16,11,,358,,,,,,,mg Kg-1,,Twigs
255,Kacálková,2015,Czech Republic,Hradec Králové,,,,,,,F5,Luvisol,6.09,,,,,Loamy,,,,,,,,,,,,1042,mg kg−1,total,,1.3,80.8,,174,,,,,,,mg kg−1,,total,Available metal concentrations,W2,Salix gmelinii ,Salix x smithiana,,,,,,,,5.23,10.5,,748,,,,,,,mg Kg-1,,leaves,,3.17,8.1,,58.1,,,,,,,mg Kg-1,,Roots,,3.27,12.6,,319,,,,,,,mg Kg-1,,Twigs
255,Kacálková,2015,Czech Republic,Hradec Králové,,,,,,,F3,Luvisol,7.41,,,,,Loamy,,,,,,,,,,,,133,mg kg−1,total,,0.53,24.4,,96.1,,,,,,,mg kg−1,,total,Available metal concentrations,P1,Populus nigra x maximowiczii,,,,,,,,,3.03,7.5,,561,,,,,,,mg Kg-1,,leaves,,0.42,5.3,,45.6,,,,,,,mg Kg-1,,Roots,,1.71,8.63,,163,,,,,,,mg Kg-1,,Twigs
255,Kacálková,2015,Czech Republic,Hradec Králové,,,,,,,F4,Luvisol,7.45,,,,,Loamy,,,,,,,,,,,,118,mg kg−1,total,,0.91,51.6,,124,,,,,,,mg kg−1,,total,Available metal concentrations,P1,Populus nigra x maximowiczii,,,,,,,,,1.85,8.2,,461,,,,,,,mg Kg-1,,leaves,,0.63,4.8,,28.5,,,,,,,mg Kg-1,,Roots,,1.66,9.4,,149,,,,,,,mg Kg-1,,Twigs
255,Kacálková,2015,Czech Republic,Hradec Králové,,,,,,,F5,Luvisol,6.09,,,,,Loamy,,,,,,,,,,,,1042,mg kg−1,total,,1.3,80.8,,174,,,,,,,mg kg−1,,total,Available metal concentrations,P1,Populus nigra x maximowiczii,,,,,,,,,2.1,6.6,,524,,,,,,,mg Kg-1,,leaves,,0.71,5,,43.4,,,,,,,mg Kg-1,,Roots,,1.69,10.8,,184,,,,,,,mg Kg-1,,Twigs
255,Kacálková,2015,Czech Republic,Hradec Králové,,,,,,,F3,Luvisol,7.41,,,,,Loamy,,,,,,,,,,,,133,mg kg−1,total,,0.53,24.4,,96.1,,,,,,,mg kg−1,,total,Available metal concentrations,P2,Populus nigra,,,,,,,,,1.83,8.2,,538,,,,,,,mg Kg-1,,leaves,,0.76,5.5,,62,,,,,,,mg Kg-1,,Roots,,1.39,9.1,,199,,,,,,,mg Kg-1,,Twigs
255,Kacálková,2015,Czech Republic,Hradec Králové,,,,,,,F4,Luvisol,7.45,,,,,Loamy,,,,,,,,,,,,118,mg kg−1,total,,0.91,51.6,,124,,,,,,,mg kg−1,,total,Available metal concentrations,P2,Populus nigra,,,,,,,,,1.77,6.8,,445,,,,,,,mg Kg-1,,leaves,,0.88,6.4,,53.2,,,,,,,mg Kg-1,,Roots,,1.44,11,,206,,,,,,,mg Kg-1,,Twigs
255,Kacálková,2015,Czech Republic,Hradec Králové,,,,,,,F5,Luvisol,6.09,,,,,Loamy,,,,,,,,,,,,1042,mg kg−1,total,,1.3,80.8,,174,,,,,,,mg kg−1,,total,Available metal concentrations,P2,Populus nigra,,,,,,,,,1.38,8.4,,529,,,,,,,mg Kg-1,,leaves,,0.69,4.8,,49.9,,,,,,,mg Kg-1,,Roots,,1.16,11.8,,194,,,,,,,mg Kg-1,,Twigs
671,Korzeniowska,2019,Poland,Poznan,,,,,,,Ni1,Luvisol,<5.5,,,0.8,%,Coarse-textured,Low content of clay,,,,,,,,,,,85,mg kg−1,by Egner–Riehm method,,,,,,,48.9,,,,,mg kg−1,4,total,,,Zea mays,,12 plants/plot of 1 m2,630,,,163,mg kg−1,,,,,,,1.1,,,,,mg Kg-1,4,Stems,,,,,,,29.5,,,,,mg Kg-1,4,Roots,,,,,,,,,,,,,4,
671,Korzeniowska,2019,Poland,Poznan,,,,,,,Ni2,Luvisol,<5.5,,,0.8,%,Coarse-textured,Low content of clay,,,,,,,,,,,85,mg kg−1,by Egner–Riehm method,,,,,,,104,,,,,mg kg−1,4,total,,,Zea mays,,12 plants/plot of 1 m2,549,,,162,mg kg−1,,,,,,,2.6,,,,,mg Kg-1,4,Stems,,,,,,,80.4,,,,,mg Kg-1,4,Roots,,,,,,,,,,,,,4,
671,Korzeniowska,2019,Poland,Poznan,,,,,,,Ni3,Luvisol,<5.5,,,0.8,%,Coarse-textured,Low content of clay,,,,,,,,,,,85,mg kg−1,by Egner–Riehm method,,,,,,,180,,,,,mg kg−1,4,total,,,Zea mays,,12 plants/plot of 1 m2,99,,,62,mg kg−1,,,,,,,10.7,,,,,mg Kg-1,4,Stems,,,,,,,132,,,,,mg Kg-1,4,Roots,,,,,,,,,,,,,4,
671,Korzeniowska,2019,Poland,Poznan,,,,,,,Ni1,Luvisol,<5.5,,,0.8,%,Coarse-textured,Low content of clay,,,,,,,,,,,85,mg kg−1,by Egner–Riehm method,,,,,,,61.1,,,,,mg kg−1,4,total,,,Phalaris arundinacea,,6 g of seed/plot,1394,,,821,mg kg−1,,,,,,,13.7,,,,,mg Kg-1,4,Shoots,,,,,,,50.9,,,,,mg Kg-1,4,Roots,,,,,,,,,,,,,4,
671,Korzeniowska,2019,Poland,Poznan,,,,,,,Ni2,Luvisol,<5.5,,,0.8,%,Coarse-textured,Low content of clay,,,,,,,,,,,85,mg kg−1,by Egner–Riehm method,,,,,,,136,,,,,mg kg−1,4,total,,,Phalaris arundinacea,,6 g of seed/plot,1295,,,697,mg kg−1,,,,,,,21.2,,,,,mg Kg-1,4,Shoots,,,,,,,65.5,,,,,mg Kg-1,4,Roots,,,,,,,,,,,,,4,
671,Korzeniowska,2019,Poland,Poznan,,,,,,,Ni3,Luvisol,<5.5,,,0.8,%,Coarse-textured,Low content of clay,,,,,,,,,,,85,mg kg−1,by Egner–Riehm method,,,,,,,192,,,,,mg kg−1,4,total,,,Phalaris arundinacea,,6 g of seed/plot,1048,,,595,mg kg−1,,,,,,,31.6,,,,,mg Kg-1,4,Shoots,,,,,,,133,,,,,mg Kg-1,4,Roots,,,,,,,,,,,,,4,
671,Korzeniowska,2019,Poland,Poznan,,,,,,,Ni1,Luvisol,<5.5,,,0.8,%,Coarse-textured,Low content of clay,,,,,,,,,,,85,mg kg−1,by Egner–Riehm method,,,,,,,49.6,,,,,mg kg−1,4,total,,,Salix viminalis,,5 plants/plot of 1 m2,2918,,,438,mg kg−1,,,,,,,5.6,,,,,mg Kg-1,4,Leaves,,,,,,,10.1,,,,,mg Kg-1,4,Roots,,,,,,,2.1,,,,,mg Kg-1,4,Twigs
671,Korzeniowska,2019,Poland,Poznan,,,,,,,Ni2,Luvisol,<5.5,,,0.8,%,Coarse-textured,Low content of clay,,,,,,,,,,,85,mg kg−1,by Egner–Riehm method,,,,,,,80.5,,,,,mg kg−1,4,total,,,Salix viminalis,,5 plants/plot of 1 m2,3100,,,440,mg kg−1,,,,,,,7.4,,,,,mg Kg-1,4,Leaves,,,,,,,11.6,,,,,mg Kg-1,4,Roots,,,,,,,2.4,,,,,mg Kg-1,4,Twigs
671,Korzeniowska,2019,Poland,Poznan,,,,,,,Ni3,Luvisol,<5.5,,,0.8,%,Coarse-textured,Low content of clay,,,,,,,,,,,85,mg kg−1,by Egner–Riehm method,,,,,,,180,,,,,mg kg−1,4,total,,,Salix viminalis,,5 plants/plot of 1 m2,1960,,,400,mg kg−1,,,,,,,10.4,,,,,mg Kg-1,4,Leaves,,,,,,,26.6,,,,,mg Kg-1,4,Roots,,,,,,,4.1,,,,,mg Kg-1,4,Twigs
83,Kubátová,2018,Czech Republic,Příbram,49°42'24''N,13°58'32''E,,,6.5,700,,Cambisol,5.66,,,4.1,%,,,,,,,,166,mmol kg−1,,,,,,,,7.3,,1370,218,,,,,,,mg kg−1,50,Pseudo-total (aqua regia soluble),Plant-available,S1,(Salix schwerinii × Salix viminalis) × Salix viminalis,,4 rows (1 row/sp.) x 8 plots,38.77,,,,g/plant,,,,,,,,,,,,,,,,,,,,,,,,,,,,,,,,,,,,,,,,,,
83,Kubátová,2018,Czech Republic,Příbram,49°42'24''N,13°58'32''E,,,6.5,700,,Cambisol,5.66,,,4.1,%,,,,,,,,166,mmol kg−1,,,,,,,,7.3,,1370,218,,,,,,,mg kg−1,50,Pseudo-total (aqua regia soluble),Plant-available,S2,Salix smithiana,,4 rows (1 row/sp.) x 8 plots,132.43,,,,g/plant,,,,,,,,,,,,,,,,,,,,,,,,,,,,,,,,,,,,,,,,,,
83,Kubátová,2018,Czech Republic,Příbram,49°42'24''N,13°58'32''E,,,6.5,700,,Cambisol,5.66,,,4.1,%,,,,,,,,166,mmol kg−1,,,,,,,,7.3,,1370,218,,,,,,,mg kg−1,50,Pseudo-total (aqua regia soluble),Plant-available,P1,Populus maximowiczii × Populus nigra,,4 rows (1 row/sp.) x 8 plots,196.90,,,,g/plant,,,,,,,,,,,,,,,,,,,,,,,,,,,,,,,,,,,,,,,,,,
83,Kubátová,2018,Czech Republic,Příbram,49°42'24''N,13°58'32''E,,,6.5,700,,Cambisol,5.66,,,4.1,%,,,,,,,,166,mmol kg−1,,,,,,,,7.3,,1370,218,,,,,,,mg kg−1,50,Pseudo-total (aqua regia soluble),Plant-available,P2,Populus nigra,,4 rows (1 row/sp.) x 8 plots,101.97,,,,g/plant,,,,,,,,,,,,,,,,,,,,,,,,,,,,,,,,,,,,,,,,,,
1645,Laidlaw,2012,Australia,Werribee,37°59′32″ S,144°36′58″ E,,,,,,,6.3,,,,,,,,,,0.4,mS cm−1,,,0.57,%,total,2829,mg kg−1,total,11,1,49,6,240,,36,,,117,,mg kg−1,,total,,,Salix caprea,,16 cuttings/block of 1.5 x 1.5 m,,14.999997156747400,0.3042596443055450,,t ha−1 yr−1,,5.6,4.6,,1305,,4.3,,,1.4,,mg Kg-1,,Leaves,,,,,,,,,,,,,,,,2.7,3.8,,204,,1.1,,,0.7,,mg Kg-1,,Stems
1645,Laidlaw,2012,Australia,Werribee,37°59′32″ S,144°36′58″ E,,,,,,,6.3,,,,,,,,,,0.4,mS cm−1,,,0.57,%,total,2829,mg kg−1,total,11,1,49,6,240,,36,,,117,,mg kg−1,,total,,,Salix gmelinii,x calodendron Balana,16 cuttings/block of 1.5 x 1.5 m,,19.099377460361300,0.5882346933062230,,t ha−1 yr−1,,5.3,4.6,,1484,,3.8,,,0.9,,mg Kg-1,,Leaves,,,,,,,,,,,,,,,,2.9,4.4,,250,,1.5,,,0.9,,mg Kg-1,,Stems
1645,Laidlaw,2012,Australia,Werribee,37°59′32″ S,144°36′58″ E,,,,,,,6.3,,,,,,,,,,0.4,mS cm−1,,,0.57,%,total,2829,mg kg−1,total,11,1,49,6,240,,36,,,117,,mg kg−1,,total,,,Salix gmelinii,x calodendron Hybrida,16 cuttings/block of 1.5 x 1.5 m,,14.068321559740100,2.4949290833054700,,t ha−1 yr−1,,3.8,6.0,,957,,2.8,,,0.9,,mg Kg-1,,Leaves,,,,,,,,,,,,,,,,2.5,3.5,,247,,1.6,,,1.1,,mg Kg-1,,Stems
1645,Laidlaw,2012,Australia,Werribee,37°59′32″ S,144°36′58″ E,,,,,,,6.3,,,,,,,,,,0.4,mS cm−1,,,0.57,%,total,2829,mg kg−1,total,11,1,49,6,240,,36,,,117,,mg kg−1,,total,,,Salix chilensis,,16 cuttings/block of 1.5 x 1.5 m,,2.8881930712587300,0.9533462664728770,,t ha−1 yr−1,,1.8,7.9,,404,,4.9,,,1.1,,mg Kg-1,,Leaves,,,,,,,,,,,,,,,,1.8,7.8,,46,,4.3,,,5.7,,mg Kg-1,,Stems
1645,Laidlaw,2012,Australia,Werribee,37°59′32″ S,144°36′58″ E,,,,,,,6.3,,,,,,,,,,0.4,mS cm−1,,,0.57,%,total,2829,mg kg−1,total,11,1,49,6,240,,36,,,117,,mg kg−1,,total,,,Salix matsudana,,16 cuttings/block of 1.5 x 1.5 m,,20.86956237413870,5.456389002194940,,t ha−1 yr−1,,1.5,5.9,,381,,2.2,,,0.4,,mg Kg-1,,Leaves,,,,,,,,,,,,,,,,1.6,4.9,,94,,0.9,,,1.2,,mg Kg-1,,Stems
1645,Laidlaw,2012,Australia,Werribee,37°59′32″ S,144°36′58″ E,,,,,,,6.3,,,,,,,,,,0.4,mS cm−1,,,0.57,%,total,2829,mg kg−1,total,11,1,49,6,240,,36,,,117,,mg kg−1,,total,,,Salix reichardtii,x reichardtii,16 cuttings/block of 1.5 x 1.5 m,,15.186333982100400,2.0689655812777100,,t ha−1 yr−1,,2.6,5.3,,323,,2.9,,,0.6,,mg Kg-1,,Leaves,,,,,,,,,,,,,,,,1.2,2.9,,82,,1.8,,,1.2,,mg Kg-1,,Stems
1645,Laidlaw,2012,Australia,Werribee,37°59′32″ S,144°36′58″ E,,,,,,,6.3,,,,,,,,,,0.4,mS cm−1,,,0.57,%,total,2829,mg kg−1,total,11,1,49,6,240,,36,,,117,,mg kg−1,,total,,,Salix viminalis,,16 cuttings/block of 1.5 x 1.5 m,,10.90062111801240,2.860040656472120,,t ha−1 yr−1,,2.7,4.9,,707,,3.0,,,0.9,,mg Kg-1,,Leaves,,,,,,,,,,,,,,,,1.6,4.3,,190,,1.5,,,1.5,,mg Kg-1,,Stems
3426,Mleczek,2018,Italy,,,,,,,,,,,,,,,,,,,,,,,,,,,,,,,,,,,,,,,,,,,,,,,,,,,,,,,,,,,,,,,,,,,,,,,,,,,,,,,,,,,,,,,,,,,,,,,