covidence,author,year,country,location,latitude,longitude,climate,Experiment_T,mat (C),map (mm),season_exposure,day_exposure,soil,type,ph,om,om_units,oc,oc_units,texture,clay,clay_units,sand,sand_units,ec( dsm-1),ec_units,cec,cec_units,N,N_units,N_types,P,P_units,P_types,as_s,cd_s,cu_s,pb_s,zn_s,se_s,ni_s,co_s,mn_s,cr_s,hg_s,units_s,n_s,fraction_s,Bioavailable,sp,name,cultivar,p_density (ind./m2 or pots),ba_total,ba_stem,ba_leaf,br,units_b,as_ba,cd_ba,cu_ba,pb_ba,zn_ba,se_ba,ni_ba,co_ba,mn_ba,cr_ba,hg_ba,units_te_ba,n_te_ba,organs_ba,as_br,cd_br,cu_br,pb_br,zn_br,se_br,ni_br,co_br,mn_br,cr_br,hg_br,units_te_br,n_te_br,organs_br,as_ba.1,cd_ba.1,cu_ba.1,pb_ba.1,zn_ba.1,se_ba.1,ni_ba.1,co_ba.1,mn_ba.1,cr_ba.1,hg_ba.1,units_te_ba.1,n_te_ba.1,organs_ba.1,as_ba.2,cd_ba.2,cu_ba.2,pb_ba.2,zn_ba.2,se_ba.2,ni_ba.2,co_ba.2,mn_ba.2,cr_ba.2,hg_ba.2,units_te_ba.2,n_te_ba.2,organs_ba.2,comments
63,Desjardins,2018,Canada,Montreal,45.563788,-73.562837,temperate,,6.8,1000,,122,,,7.9,7.8,%,,,,20.6,%,52.3,%,,,47,meq 100 g-1,0.18,%,total,25.1,mg kg-1,total,3.4,0.9,79.3,66.3,230.1,0.5,,,,67,,mg kg-1,32,total,water-soluble,F,Festuca arundinacea,,15 kg seeds/ha,346.6918466,,,223.5741663,g m-2,,,,,,,,,,,,,,,5.97,3.12,1354.32,94.34,747.76,1.8,,,,165.55,,mg kg-1,4,Roots,,,,,,,,,,,,,,,0.68,1.32,80.98,200.63,153.95,0.22,,,,12.23,,mg kg-1,4,Shoots,
63,Desjardins,2018,Canada,Montreal,45.563788,-73.562837,temperate,,6.8,1000,,122,,,7.9,7.8,%,,,,20.6,%,52.3,%,,,47,meq 100 g-1,0.18,%,total,25.1,mg kg-1,total,3.4,0.9,79.3,66.3,230.1,0.5,,,,67,,mg kg-1,32,total,water-soluble,M,Medicago sativa,,15 kg seeds/ha,350.6616004,,,418.6311892,g m-2,,,,,,,,,,,,,,,0.86,0.77,101.69,19.6,153.19,0.28,,,,27.09,,mg kg-1,4,Roots,,,,,,,,,,,,,,,1.13,0.48,104.47,76.86,200.3,0.3,,,,21.8,,mg kg-1,4,Shoots,
63,Desjardins,2018,Canada,Montreal,45.563788,-73.562837,temperate,,6.8,1000,,122,,,7.9,7.8,%,,,,20.6,%,52.3,%,,,47,meq 100 g-1,0.18,%,total,25.1,mg kg-1,total,3.4,0.9,79.3,66.3,230.1,0.5,,,,67,,mg kg-1,32,total,water-soluble,S,Salix miyabeana,SX67,6 ind/container,154.8204305,,,149.4296665,g m-2,,,,,,,,,,,,,,,3.81,2.93,687.35,59.19,540.28,1.38,,,,92.37,,mg kg-1,4,Roots,,,,,,,,,,,,,,,0.86,7.92,25.72,9.23,637.36,0.27,,,,4.77,,mg kg-1,4,Shoots,
2560,Granel,2002,New Zealand,Palmerston North,40.2 S,175.4 E,,,,,,90,,,5.7,,,63,g/kg,fine sandy loam,,,,,,,13.4,cmolc/kg,,,,,,,,0.3,,,64,,,,597,,,mg kg-1,,total,,1,Salix viminalis,,1 ind/pot,68.62275854,,,,g,,5.82515717,,,212.673653,,,,379.7295256,,,mg kg-1,3,leaf,,,,,,,,,,,,,,,,,,,,,,,,,,,,,,,,,,,,,,,,,,,
2560,Granel,2002,New Zealand,Palmerston North,40.2 S,175.4 E,,,,,,90,,,5.7,,,63,g/kg,fine sandy loam,,,,,,,13.4,cmolc/kg,,,,,,,,0.3,,,64,,,,597,,,mg kg-1,,total,,2,Salix opaca,,1 ind/pot,98.42049172,,,,g,,4.611268699,,,58.28323776,,,,237.4454525,,,mg kg-1,3,leaf,,,,,,,,,,,,,,,,,,,,,,,,,,,,,,,,,,,,,,,,,,,
2560,Granel,2002,New Zealand,Palmerston North,40.2 S,175.4 E,,,,,,90,,,5.7,,,63,g/kg,fine sandy loam,,,,,,,13.4,cmolc/kg,,,,,,,,0.3,,,64,,,,597,,,mg kg-1,,total,,3,Salix caprea x Salix viminalis,,1 ind/pot,33.97195867,,,,g,,9.987018099,,,214.0971504,,,,666.48303,,,mg kg-1,3,leaf,,,,,,,,,,,,,,,,,,,,,,,,,,,,,,,,,,,,,,,,,,,
2560,Granel,2002,New Zealand,Palmerston North,40.2 S,175.4 E,,,,,,90,,,5.7,,,63,g/kg,fine sandy loam,,,,,,,13.4,cmolc/kg,,,,,,,,0.3,,,64,,,,597,,,mg kg-1,,total,,4,Salix viminalis,,1 ind/pot,75.9139733,,,,g,,4.867424485,,,193.1676996,,,,323.4491644,,,mg kg-1,3,leaf,,,,,,,,,,,,,,,,,,,,,,,,,,,,,,,,,,,,,,,,,,,
2560,Granel,2002,New Zealand,Palmerston North,40.2 S,175.4 E,,,,,,90,,,5.7,,,63,g/kg,fine sandy loam,,,,,,,13.4,cmolc/kg,,,,,,,,0.3,,,64,,,,597,,,mg kg-1,,total,,5,Salix schwerinii,,1 ind/pot,87.40664897,,,,g,,8.666801809,,,96.38555957,,,,352.1775084,,,mg kg-1,3,leaf,,,,,,,,,,,,,,,,,,,,,,,,,,,,,,,,,,,,,,,,,,,
2560,Granel,2002,New Zealand,Palmerston North,40.2 S,175.4 E,,,,,,90,,,5.7,,,63,g/kg,fine sandy loam,,,,,,,13.4,cmolc/kg,,,,,,,,0.3,,,64,,,,597,,,mg kg-1,,total,,6,Salix disperma,,1 ind/pot,52.6439236,,,,g,,3.810689592,,,166.6184713,,,,97.27360852,,,mg kg-1,3,leaf,,,,,,,,,,,,,,,,,,,,,,,,,,,,,,,,,,,,,,,,,,,
2560,Granel,2002,New Zealand,Palmerston North,40.2 S,175.4 E,,,,,,90,,,5.7,,,63,g/kg,fine sandy loam,,,,,,,13.4,cmolc/kg,,,,,,,,0.3,,,64,,,,597,,,mg kg-1,,total,,7,Salix dasyclados,,1 ind/pot,31.06043692,,,,g,,7.636813832,,,165.9473875,,,,482.0179877,,,mg kg-1,3,leaf,,,,,,,,,,,,,,,,,,,,,,,,,,,,,,,,,,,,,,,,,,,
2560,Granel,2002,New Zealand,Palmerston North,40.2 S,175.4 E,,,,,,90,,,5.7,,,63,g/kg,fine sandy loam,,,,,,,13.4,cmolc/kg,,,,,,,,0.3,,,64,,,,597,,,mg kg-1,,total,,8,Salix triandra,,1 ind/pot,64.88281349,,,,g,,2.874348923,,,122.4356065,,,,592.8239872,,,mg kg-1,3,leaf,,,,,,,,,,,,,,,,,,,,,,,,,,,,,,,,,,,,,,,,,,,
2560,Granel,2002,New Zealand,Palmerston North,40.2 S,175.4 E,,,,,,90,,,5.7,,,63,g/kg,fine sandy loam,,,,,,,13.4,cmolc/kg,,,,,,,,0.3,,,64,,,,597,,,mg kg-1,,total,,9,Salix matsudana x Salix alba,clone 1,1 ind/pot,68.03329308,,,,g,,2.228472697,,,155.372706,,,,108.1275208,,,mg kg-1,3,leaf,,,,,,,,,,,,,,,,,,,,,,,,,,,,,,,,,,,,,,,,,,,
2560,Granel,2002,New Zealand,Palmerston North,40.2 S,175.4 E,,,,,,90,,,5.7,,,63,g/kg,fine sandy loam,,,,,,,13.4,cmolc/kg,,,,,,,,0.3,,,64,,,,597,,,mg kg-1,,total,,10,Salix matsudana x Salix alba,clone 2,1 ind/pot,64.66624516,,,,g,,5.429663635,,,187.0241065,,,,158.2197069,,,mg kg-1,3,leaf,,,,,,,,,,,,,,,,,,,,,,,,,,,,,,,,,,,,,,,,,,,
2560,Granel,2002,New Zealand,Palmerston North,40.2 S,175.4 E,,,,,,90,,,5.7,,,63,g/kg,fine sandy loam,,,,,,,13.4,cmolc/kg,,,,,,,,0.3,,,64,,,,597,,,mg kg-1,,total,,11,Salix matsudana x Salix alba,clone 3,1 ind/pot,75.09687736,,,,g,,1.708963511,,,124.6358833,,,,78.17213546,,,mg kg-1,3,leaf,,,,,,,,,,,,,,,,,,,,,,,,,,,,,,,,,,,,,,,,,,,
2560,Granel,2002,New Zealand,Palmerston North,40.2 S,175.4 E,,,,,,90,,,5.7,,,63,g/kg,fine sandy loam,,,,,,,13.4,cmolc/kg,,,,,,,,0.3,,,64,,,,597,,,mg kg-1,,total,,12,Salix matsudana x Salix alba,clone 4,1 ind/pot,39.99203216,,,,g,,1.839602996,,,117.9800078,,,,95.99585268,,,mg kg-1,3,leaf,,,,,,,,,,,,,,,,,,,,,,,,,,,,,,,,,,,,,,,,,,,
2560,Granel,2002,New Zealand,Palmerston North,40.2 S,175.4 E,,,,,,90,,,5.7,,,63,g/kg,fine sandy loam,,,,,,,13.4,cmolc/kg,,,,,,,,0.3,,,64,,,,597,,,mg kg-1,,total,,13,Salix babylonica x Salix alba,clone 1,1 ind/pot,69.46340436,,,,g,,1.927887679,,,96.66068185,,,,107.2925466,,,mg kg-1,3,leaf,,,,,,,,,,,,,,,,,,,,,,,,,,,,,,,,,,,,,,,,,,,
2560,Granel,2002,New Zealand,Palmerston North,40.2 S,175.4 E,,,,,,90,,,5.7,,,63,g/kg,fine sandy loam,,,,,,,13.4,cmolc/kg,,,,,,,,0.3,,,64,,,,597,,,mg kg-1,,total,,14,Salix babylonica x Salix alba,clone 2,1 ind/pot,52.92405784,,,,g,,1.56694445,,,104.1931112,,,,99.77828044,,,mg kg-1,3,leaf,,,,,,,,,,,,,,,,,,,,,,,,,,,,,,,,,,,,,,,,,,,
2560,Granel,2002,New Zealand,Palmerston North,40.2 S,175.4 E,,,,,,90,,,5.7,,,63,g/kg,fine sandy loam,,,,,,,13.4,cmolc/kg,,,,,,,,0.3,,,64,,,,597,,,mg kg-1,,total,,15,Salix fragilis,,1 ind/pot,53.73457837,,,,g,,6.765966693,,,210.9833892,,,,472.4418313,,,mg kg-1,3,leaf,,,,,,,,,,,,,,,,,,,,,,,,,,,,,,,,,,,,,,,,,,,
3089,Harada,2011,Japan,Hokkaido,42 N,140 E,,,,,,,,,4.82,,,,,,,,,,,,19.3,cmolc/kg,,,,,,,,1,95.3,100,484.2,,,,,,,mg kg-1,6,total,,,Salix miyabeana, subsp. miyabeana,,,,,,,,11.4,9.4,5.9,1571.3,,,,,,,mg kg-1,6,leaves,,,,,,,,,,,,,,,,,,,,,,,,,,,,,,,,,,,,,,,,,,,
8913,Cicek,2004,Turkey,Tavsanli District,,,transfer-featured climate between continental climate and temperate climate,,10.6,564.6,,,1,,7.6,3.18,%,,,Clay sand silt,,,,,,,,,,,,,,,,14.61538462,194.1176471,322.6415094,469.1803279,,364.5901639,,,196.3087248,,mg kg-1,,total,,,Salix alba,,,,,,,,,6.564244605,22.14284624,48.36446821,159.3442623,,61.53847202,,,94.39024039,,mg kg-1,,leaf,,,,,,,,,,,,,,,,,,,,,,,,,,,,,,,,,,,,,,,,,,,
8913,Cicek,2004,Turkey,Tavsanli District,,,transfer-featured climate between continental climate and temperate climate,,10.6,564.6,,,2,,7.6,3.18,%,,,Clay sand silt,,,,,,,,,,,,,,,,17.40384615,210.7843137,301.4150943,510.4918033,,372.4590164,,,213.4228188,,mg kg-1,,total,,,Salix alba,,,,,,,,,7.192736211,28.57141767,54.6728792,118.0327869,,60.54593141,,,94.39024039,,mg kg-1,,leaf,,,,,,,,,,,,,,,,,,,,,,,,,,,,,,,,,,,,,,,,,,,
8913,Cicek,2004,Turkey,Tavsanli District,,,transfer-featured climate between continental climate and temperate climate,,10.6,564.6,,,3,,7.6,3.18,%,,,Clay sand silt,,,,,,,,,,,,,,,,20.38461538,262.745098,380.6603774,784.9180328,,369.8360656,,,277.852349,,mg kg-1,,total,,,Salix alba,,,,,,,,,6.983239009,58.57141767,48.36446821,221.3114754,,62.53101263,,,105.3658497,,mg kg-1,,leaf,,,,,,,,,,,,,,,,,,,,,,,,,,,,,,,,,,,,,,,,,,,
8913,Cicek,2004,Turkey,Tavsanli District,,,transfer-featured climate between continental climate and temperate climate,,10.6,564.6,,,4,,7.6,3.18,%,,,Clay sand silt,,,,,,,,,,,,,,,,21.82692308,254.9019608,401.8867925,705.2459016,,314.7540984,,,244.6308725,,mg kg-1,,total,,,Salix alba,,,,,,,,,4.399441247,49.9999891,45.21026272,203.6065574,,33.746926,,,96.58536226,,mg kg-1,,leaf,,,,,,,,,,,,,,,,,,,,,,,,,,,,,,,,,,,,,,,,,,,
8913,Cicek,2004,Turkey,Tavsanli District,,,transfer-featured climate between continental climate and temperate climate,,10.6,564.6,,,5,,7.6,3.18,%,,,Clay sand silt,,,,,,,,,,,,,,,,10.19230769,168.627451,161.3207547,365.9016393,,246.557377,,,114.7651007,,mg kg-1,,total,,,Salix alba,,,,,,,,,2.863129496,25.0000109,38.90185173,35.40983607,,25.8064648,,,52.68292487,,mg kg-1,,leaf,,,,,,,,,,,,,,,,,,,,,,,,,,,,,,,,,,,,,,,,,,,
8913,Cicek,2004,Turkey,Tavsanli District,,,transfer-featured climate between continental climate and temperate climate,,10.6,564.6,,,6,,7.6,3.18,%,,,Clay sand silt,,,,,,,,,,,,,,,,4.230769231,26.47058824,59.43396226,76.72131148,,72.13114754,,,48.32214765,,mg kg-1,,total,,,Salix alba,,,,,,,,,0.209497202,7.857153756,8.411230697,8.852459016,,18.85858966,,,6.585365609,,mg kg-1,,leaf,,,,,,,,,,,,,,,,,,,,,,,,,,,,,,,,,,,,,,,,,,,
8913,Cicek,2004,Turkey,Tavsanli District,,,transfer-featured climate between continental climate and temperate climate,,10.6,564.6,,,7,,7.6,3.18,%,,,Clay sand silt,,,,,,,,,,,,,,,,1.538461538,12.74509804,15.56603774,20.6557377,,20.98360656,,,32.2147651,,mg kg-1,,total,,,Salix alba,,,,,,,,,0.139665867,2.857131958,0,5.901639344,,5.955334537,,,6.585365609,,mg kg-1,,leaf,,,,,,,,,,,,,,,,,,,,,,,,,,,,,,,,,,,,,,,,,,,
8913,Cicek,2004,Turkey,Tavsanli District,,,transfer-featured climate between continental climate and temperate climate,,10.6,564.6,,,1,,7.6,3.18,%,,,Clay sand silt,,,,,,,,,,,,,,,,14.61538462,194.1176471,322.6415094,469.1803279,,364.5901639,,,196.3087248,,mg kg-1,,total,,,Populus tremula,,,,,,,,,6.494413269,22.14284624,50.46728792,159.3442623,,58.56080476,,,98.048788,,mg kg-1,,leaf,,,,,,,,,,,,,,,,,,,,,,,,,,,,,,,,,,,,,,,,,,,
8913,Cicek,2004,Turkey,Tavsanli District,,,transfer-featured climate between continental climate and temperate climate,,10.6,564.6,,,2,,7.6,3.18,%,,,Clay sand silt,,,,,,,,,,,,,,,,17.40384615,210.7843137,301.4150943,510.4918033,,372.4590164,,,213.4228188,,mg kg-1,,total,,,Populus tremula,,,,,,,,,6.564244605,27.14286804,52.57010763,118.0327869,,67.49380656,,,95.85366613,,mg kg-1,,leaf,,,,,,,,,,,,,,,,,,,,,,,,,,,,,,,,,,,,,,,,,,,
8913,Cicek,2004,Turkey,Tavsanli District,,,transfer-featured climate between continental climate and temperate climate,,10.6,564.6,,,3,,7.6,3.18,%,,,Clay sand silt,,,,,,,,,,,,,,,,20.38461538,262.745098,380.6603774,784.9180328,,369.8360656,,,277.852349,,mg kg-1,,total,,,Populus tremula,,,,,,,,,6.634079136,54.28570339,49.41590213,215.4098361,,82.3821429,,,105.3658497,,mg kg-1,,leaf,,,,,,,,,,,,,,,,,,,,,,,,,,,,,,,,,,,,,,,,,,,
8913,Cicek,2004,Turkey,Tavsanli District,,,transfer-featured climate between continental climate and temperate climate,,10.6,564.6,,,4,,7.6,3.18,%,,,Clay sand silt,,,,,,,,,,,,,,,,21.82692308,254.9019608,401.8867925,705.2459016,,314.7540984,,,244.6308725,,mg kg-1,,total,,,Populus tremula,,,,,,,,,3.701118305,37.85715376,49.41590213,203.6065574,,38.70967449,,,84.14632717,,mg kg-1,,leaf,,,,,,,,,,,,,,,,,,,,,,,,,,,,,,,,,,,,,,,,,,,
8913,Cicek,2004,Turkey,Tavsanli District,,,transfer-featured climate between continental climate and temperate climate,,10.6,564.6,,,5,,7.6,3.18,%,,,Clay sand silt,,,,,,,,,,,,,,,,10.19230769,168.627451,161.3207547,365.9016393,,246.557377,,,114.7651007,,mg kg-1,,total,,,Populus tremula,,,,,,,,,2.37430056,24.28570339,39.95328565,35.40983607,,19.85113027,,,46.09755926,,mg kg-1,,leaf,,,,,,,,,,,,,,,,,,,,,,,,,,,,,,,,,,,,,,,,,,,
8913,Cicek,2004,Turkey,Tavsanli District,,,transfer-featured climate between continental climate and temperate climate,,10.6,564.6,,,6,,7.6,3.18,%,,,Clay sand silt,,,,,,,,,,,,,,,,4.230769231,26.47058824,59.43396226,76.72131148,,72.13114754,,,48.32214765,,mg kg-1,,total,,,Populus tremula,,,,,,,,,0.139665867,8.571428571,15.77102748,5.901639344,,17.86600361,,,7.317061733,,mg kg-1,,leaf,,,,,,,,,,,,,,,,,,,,,,,,,,,,,,,,,,,,,,,,,,,
8913,Cicek,2004,Turkey,Tavsanli District,,,transfer-featured climate between continental climate and temperate climate,,10.6,564.6,,,7,,7.6,3.18,%,,,Clay sand silt,,,,,,,,,,,,,,,,1.538461538,12.74509804,15.56603774,20.6557377,,20.98360656,,,32.2147651,,mg kg-1,,total,,,Populus tremula,,,,,,,,,0.209497202,3.571439471,0,2.950819672,,5.955334537,,,3.658547614,,mg kg-1,,leaf,,,,,,,,,,,,,,,,,,,,,,,,,,,,,,,,,,,,,,,,,,,
8913,Cicek,2004,Turkey,Tavsanli District,,,transfer-featured climate between continental climate and temperate climate,,10.6,564.6,,,1,,7.6,3.18,%,,,Clay sand silt,,,,,,,,,,,,,,,,14.61538462,194.1176471,322.6415094,469.1803279,,364.5901639,,,196.3087248,,mg kg-1,,total,,,Pinus nigra,ssp. pallasiana,,,,,,,,5.796090328,20.71429661,47.31308243,120.9836066,,34.73946661,,,88.53657091,,mg kg-1,,leaf,,,,,,,,,,,,,,,,,,,,,,,,,,,,,,,,,,,,,,,,,,,
8913,Cicek,2004,Turkey,Tavsanli District,,,transfer-featured climate between continental climate and temperate climate,,10.6,564.6,,,2,,7.6,3.18,%,,,Clay sand silt,,,,,,,,,,,,,,,,17.40384615,210.7843137,301.4150943,510.4918033,,372.4590164,,,213.4228188,,mg kg-1,,total,,,Pinus nigra,ssp. pallasiana,,,,,,,,5.796090328,22.85715376,48.36446821,115.0819672,,46.65013568,,,92.19511852,,mg kg-1,,leaf,,,,,,,,,,,,,,,,,,,,,,,,,,,,,,,,,,,,,,,,,,,
8913,Cicek,2004,Turkey,Tavsanli District,,,transfer-featured climate between continental climate and temperate climate,,10.6,564.6,,,3,,7.6,3.18,%,,,Clay sand silt,,,,,,,,,,,,,,,,20.38461538,262.745098,380.6603774,784.9180328,,369.8360656,,,277.852349,,mg kg-1,,total,,,Pinus nigra,ssp. pallasiana,,,,,,,,5.516758593,42.14286804,45.21026272,188.852459,,44.66500902,,,84.14632717,,mg kg-1,,leaf,,,,,,,,,,,,,,,,,,,,,,,,,,,,,,,,,,,,,,,,,,,
8913,Cicek,2004,Turkey,Tavsanli District,,,transfer-featured climate between continental climate and temperate climate,,10.6,564.6,,,4,,7.6,3.18,%,,,Clay sand silt,,,,,,,,,,,,,,,,21.82692308,254.9019608,401.8867925,705.2459016,,314.7540984,,,244.6308725,,mg kg-1,,total,,,Pinus nigra,ssp. pallasiana,,,,,,,,3.351955236,30,42.05605722,182.9508197,,29.77667268,,,76.82926543,,mg kg-1,,leaf,,,,,,,,,,,,,,,,,,,,,,,,,,,,,,,,,,,,,,,,,,,
8913,Cicek,2004,Turkey,Tavsanli District,,,transfer-featured climate between continental climate and temperate climate,,10.6,564.6,,,5,,7.6,3.18,%,,,Clay sand silt,,,,,,,,,,,,,,,,10.19230769,168.627451,161.3207547,365.9016393,,246.557377,,,114.7651007,,mg kg-1,,total,,,Pinus nigra,ssp. pallasiana,,,,,,,,2.025140687,21.42857143,18.92523297,32.45901639,,13.89579573,,,27.07315856,,mg kg-1,,leaf,,,,,,,,,,,,,,,,,,,,,,,,,,,,,,,,,,,,,,,,,,,
8913,Cicek,2004,Turkey,Tavsanli District,,,transfer-featured climate between continental climate and temperate climate,,10.6,564.6,,,6,,7.6,3.18,%,,,Clay sand silt,,,,,,,,,,,,,,,,4.230769231,26.47058824,59.43396226,76.72131148,,72.13114754,,,48.32214765,,mg kg-1,,total,,,Pinus nigra,ssp. pallasiana,,,,,,,,0,4.999989101,8.411230697,2.950819672,,1.985126657,,,2.926817994,,mg kg-1,,leaf,,,,,,,,,,,,,,,,,,,,,,,,,,,,,,,,,,,,,,,,,,,
8913,Cicek,2004,Turkey,Tavsanli District,,,transfer-featured climate between continental climate and temperate climate,,10.6,564.6,,,7,,7.6,3.18,%,,,Clay sand silt,,,,,,,,,,,,,,,,1.538461538,12.74509804,15.56603774,20.6557377,,20.98360656,,,32.2147651,,mg kg-1,,total,,,Pinus nigra,ssp. pallasiana,,,,,,,,0,3.571439471,0,2.950819672,,1.985126657,,,2.19512187,,mg kg-1,,leaf,,,,,,,,,,,,,,,,,,,,,,,,,,,,,,,,,,,,,,,,,,,
8913,Cicek,2004,Turkey,Tavsanli District,,,transfer-featured climate between continental climate and temperate climate,,10.6,564.6,,,1,,7.6,3.18,%,,,Clay sand silt,,,,,,,,,,,,,,,,14.61538462,194.1176471,322.6415094,469.1803279,,364.5901639,,,196.3087248,,mg kg-1,,total,,,Robinia pseudoacacia,,,,,,,,,6.773741807,22.14284624,50.46728792,159.3442623,,56.5756781,,,96.58536226,,mg kg-1,,leaf,,,,,,,,,,,,,,,,,,,,,,,,,,,,,,,,,,,,,,,,,,,
8913,Cicek,2004,Turkey,Tavsanli District,,,transfer-featured climate between continental climate and temperate climate,,10.6,564.6,,,2,,7.6,3.18,%,,,Clay sand silt,,,,,,,,,,,,,,,,17.40384615,210.7843137,301.4150943,510.4918033,,372.4590164,,,213.4228188,,mg kg-1,,total,,,Robinia pseudoacacia,,,,,,,,,6.703910472,29.28572518,53.62149342,120.9836066,,67.49380656,,,95.85366613,,mg kg-1,,leaf,,,,,,,,,,,,,,,,,,,,,,,,,,,,,,,,,,,,,,,,,,,
8913,Cicek,2004,Turkey,Tavsanli District,,,transfer-featured climate between continental climate and temperate climate,,10.6,564.6,,,3,,7.6,3.18,%,,,Clay sand silt,,,,,,,,,,,,,,,,20.38461538,262.745098,380.6603774,784.9180328,,369.8360656,,,277.852349,,mg kg-1,,total,,,Robinia pseudoacacia,,,,,,,,,5.865921663,59.28572518,50.46728792,218.3606557,,47.64267629,,,111.2195192,,mg kg-1,,leaf,,,,,,,,,,,,,,,,,,,,,,,,,,,,,,,,,,,,,,,,,,,
8913,Cicek,2004,Turkey,Tavsanli District,,,transfer-featured climate between continental climate and temperate climate,,10.6,564.6,,,4,,7.6,3.18,%,,,Clay sand silt,,,,,,,,,,,,,,,,21.82692308,254.9019608,401.8867925,705.2459016,,314.7540984,,,244.6308725,,mg kg-1,,total,,,Robinia pseudoacacia,,,,,,,,,4.189944045,46.42858233,49.41590213,200.6557377,,37.71713388,,,105.3658497,,mg kg-1,,leaf,,,,,,,,,,,,,,,,,,,,,,,,,,,,,,,,,,,,,,,,,,,
8913,Cicek,2004,Turkey,Tavsanli District,,,transfer-featured climate between continental climate and temperate climate,,10.6,564.6,,,5,,7.6,3.18,%,,,Clay sand silt,,,,,,,,,,,,,,,,10.19230769,168.627451,161.3207547,365.9016393,,246.557377,,,114.7651007,,mg kg-1,,total,,,Robinia pseudoacacia,,,,,,,,,2.513966427,25.71428571,36.79908015,32.45901639,,16.873463,,,54.14635061,,mg kg-1,,leaf,,,,,,,,,,,,,,,,,,,,,,,,,,,,,,,,,,,,,,,,,,,
8913,Cicek,2004,Turkey,Tavsanli District,,,transfer-featured climate between continental climate and temperate climate,,10.6,564.6,,,6,,7.6,3.18,%,,,Clay sand silt,,,,,,,,,,,,,,,,4.230769231,26.47058824,59.43396226,76.72131148,,72.13114754,,,48.32214765,,mg kg-1,,total,,,Robinia pseudoacacia,,,,,,,,,0.279328537,8.571428571,14.71964169,5.901639344,,12.90325512,,,5.853669484,,mg kg-1,,leaf,,,,,,,,,,,,,,,,,,,,,,,,,,,,,,,,,,,,,,,,,,,
8913,Cicek,2004,Turkey,Tavsanli District,,,transfer-featured climate between continental climate and temperate climate,,10.6,564.6,,,7,,7.6,3.18,%,,,Clay sand silt,,,,,,,,,,,,,,,,1.538461538,12.74509804,15.56603774,20.6557377,,20.98360656,,,32.2147651,,mg kg-1,,total,,,Robinia pseudoacacia,,,,,,,,,0.209497202,2.142857143,0,2.950819672,,8.933001805,,,4.390243739,,mg kg-1,,leaf,,,,,,,,,,,,,,,,,,,,,,,,,,,,,,,,,,,,,,,,,,,
8913,Cicek,2004,Turkey,Tavsanli District,,,transfer-featured climate between continental climate and temperate climate,,10.6,564.6,,,1,,7.6,3.18,%,,,Clay sand silt,,,,,,,,,,,,,,,,14.61538462,194.1176471,322.6415094,469.1803279,,364.5901639,,,196.3087248,,mg kg-1,,total,,,Quercus infectoria,,,,,,,,,6.564244605,21.42857143,49.41590213,159.3442623,,44.66500902,,,96.58536226,,mg kg-1,,leaf,,,,,,,,,,,,,,,,,,,,,,,,,,,,,,,,,,,,,,,,,,,
8913,Cicek,2004,Turkey,Tavsanli District,,,transfer-featured climate between continental climate and temperate climate,,10.6,564.6,,,2,,7.6,3.18,%,,,Clay sand silt,,,,,,,,,,,,,,,,17.40384615,210.7843137,301.4150943,510.4918033,,372.4590164,,,213.4228188,,mg kg-1,,total,,,Quercus infectoria,,,,,,,,,6.634079136,25.71428571,51.51867371,120.9836066,,70.47147383,,,92.19511852,,mg kg-1,,leaf,,,,,,,,,,,,,,,,,,,,,,,,,,,,,,,,,,,,,,,,,,,
8913,Cicek,2004,Turkey,Tavsanli District,,,transfer-featured climate between continental climate and temperate climate,,10.6,564.6,,,3,,7.6,3.18,%,,,Clay sand silt,,,,,,,,,,,,,,,,20.38461538,262.745098,380.6603774,784.9180328,,369.8360656,,,277.852349,,mg kg-1,,total,,,Quercus infectoria,,,,,,,,,6.00558753,45.71427482,50.46728792,209.5081967,,48.63526234,,,103.902424,,mg kg-1,,leaf,,,,,,,,,,,,,,,,,,,,,,,,,,,,,,,,,,,,,,,,,,,
8913,Cicek,2004,Turkey,Tavsanli District,,,transfer-featured climate between continental climate and temperate climate,,10.6,564.6,,,4,,7.6,3.18,%,,,Clay sand silt,,,,,,,,,,,,,,,,21.82692308,254.9019608,401.8867925,705.2459016,,314.7540984,,,244.6308725,,mg kg-1,,total,,,Quercus infectoria,,,,,,,,,4.25977538,41.42856053,47.31308243,200.6557377,,33.746926,,,80.48781305,,mg kg-1,,leaf,,,,,,,,,,,,,,,,,,,,,,,,,,,,,,,,,,,,,,,,,,,
8913,Cicek,2004,Turkey,Tavsanli District,,,transfer-featured climate between continental climate and temperate climate,,10.6,564.6,,,5,,7.6,3.18,%,,,Clay sand silt,,,,,,,,,,,,,,,,10.19230769,168.627451,161.3207547,365.9016393,,246.557377,,,114.7651007,,mg kg-1,,total,,,Quercus infectoria,,,,,,,,,2.444135092,22.85715376,33.64487466,35.40983607,,19.85113027,,,36.58537566,,mg kg-1,,leaf,,,,,,,,,,,,,,,,,,,,,,,,,,,,,,,,,,,,,,,,,,,
8913,Cicek,2004,Turkey,Tavsanli District,,,transfer-featured climate between continental climate and temperate climate,,10.6,564.6,,,6,,7.6,3.18,%,,,Clay sand silt,,,,,,,,,,,,,,,,4.230769231,26.47058824,59.43396226,76.72131148,,72.13114754,,,48.32214765,,mg kg-1,,total,,,Quercus infectoria,,,,,,,,,0.139665867,8.571428571,12.61682198,5.901639344,,13.89579573,,,4.390243739,,mg kg-1,,leaf,,,,,,,,,,,,,,,,,,,,,,,,,,,,,,,,,,,,,,,,,,,
8913,Cicek,2004,Turkey,Tavsanli District,,,transfer-featured climate between continental climate and temperate climate,,10.6,564.6,,,7,,7.6,3.18,%,,,Clay sand silt,,,,,,,,,,,,,,,,1.538461538,12.74509804,15.56603774,20.6557377,,20.98360656,,,32.2147651,,mg kg-1,,total,,,Quercus infectoria,,,,,,,,,0.139665867,2.142857143,0,5.901639344,,4.962793926,,,3.658547614,,mg kg-1,,leaf,,,,,,,,,,,,,,,,,,,,,,,,,,,,,,,,,,,,,,,,,,,
2392,Kacalkova,2014,Czech Republic,Hradec Kralove,,,,,,,,855,F3,Luvisol,8.23,,,,,Loamy,,,,,,,,,,,,133,mg kg-1,Mehlich iii,,2,,44,,,31,,,40,,mg kg-1,,total,Bioavailable (unspecified method),Maize,Zea mays,,,,,,,,,0.12,,1.2,,,1.2,,,1.16,,mg kg-1,,leaves,,0.73,,3.75,,,3.91,,,4.08,,mg kg-1,,Roots,,0.4,,0.57,,,0.85,,,0.89,,mg kg-1,,Stalks,,,,,,,,,,,,,,,
2392,Kacalkova,2014,Czech Republic,Hradec Kralove,,,,,,,,855,F4,Luvisol,8.21,,,,,Loamy,,,,,,,,,,,,118,mg kg-1,Mehlich iii,,1.6,,193,,,23,,,39,,mg kg-1,,total,Bioavailable (unspecified method),Maize,Zea mays,,,,,,,,,0.19,,1.51,,,1.13,,,2.12,,mg kg-1,,leaves,,0.65,,8.45,,,4.09,,,3.43,,mg kg-1,,Roots,,0.18,,0.61,,,0.73,,,0.75,,mg kg-1,,Stalks,,,,,,,,,,,,,,,
2392,Kacalkova,2014,Czech Republic,Hradec Kralove,,,,,,,,855,F5,Luvisol,6.66,,,,,Loamy,,,,,,,,,,,,1042,mg kg-1,Mehlich iii,,6.8,,167,,,122,,,141,,mg kg-1,,total,Bioavailable (unspecified method),Maize,Zea mays,,,,,,,,,0.18,,4.4,,,0.92,,,1.08,,mg kg-1,,leaves,,0.62,,4.12,,,2.77,,,3.12,,mg kg-1,,Roots,,0.27,,3.4,,,0.79,,,0.61,,mg kg-1,,Stalks,,,,,,,,,,,,,,,
2392,Kacalkova,2014,Czech Republic,Hradec Kralove,,,,,,,,855,F3,Luvisol,8.23,,,,,Loamy,,,,,,,,,,,,133,mg kg-1,Mehlich iii,,2,,44,,,31,,,40,,mg kg-1,,total,Bioavailable (unspecified method),Sunflower,Helianthus annuus,,,,,,,,,0.66,,1.2,,,1.2,,,1.23,,mg kg-1,,leaves,,0.55,,1.22,,,3.04,,,2.99,,mg kg-1,,Roots,,0.56,,1.1,,,1.32,,,0.23,,mg kg-1,,Stalks,,,,,,,,,,,,,,,
2392,Kacalkova,2014,Czech Republic,Hradec Kralove,,,,,,,,855,F4,Luvisol,8.21,,,,,Loamy,,,,,,,,,,,,118,mg kg-1,Mehlich iii,,1.6,,193,,,23,,,39,,mg kg-1,,total,Bioavailable (unspecified method),Sunflower,Helianthus annuus,,,,,,,,,0.49,,1.27,,,1.34,,,1.14,,mg kg-1,,leaves,,1.09,,2.33,,,4.04,,,7.02,,mg kg-1,,Roots,,0.39,,1.45,,,0.91,,,0.25,,mg kg-1,,Stalks,,,,,,,,,,,,,,,
2392,Kacalkova,2014,Czech Republic,Hradec Kralove,,,,,,,,855,F5,Luvisol,6.66,,,,,Loamy,,,,,,,,,,,,1042,mg kg-1,Mehlich iii,,6.8,,167,,,122,,,141,,mg kg-1,,total,Bioavailable (unspecified method),Sunflower,Helianthus annuus,,,,,,,,,0.74,,3.4,,,3.35,,,0.52,,mg kg-1,,leaves,,0.59,,9.76,,,5.04,,,6.83,,mg kg-1,,Roots,,0.44,,3.8,,,1.36,,,0.71,,mg kg-1,,Stalks,,,,,,,,,,,,,,,
2392,Kacalkova,2014,Czech Republic,Hradec Kralove,,,,,,,,855,F3,Luvisol,8.23,,,,,Loamy,,,,,,,,,,,,133,mg kg-1,Mehlich iii,,2,,44,,,31,,,40,,mg kg-1,,total,Bioavailable (unspecified method),Willow,Salix gmelinii,Salix x smithiana,,,,,,,,1.87,,1.01,,,1.93,,,0.39,,mg kg-1,,leaves,,3.05,,0.83,,,3.06,,,0.42,,mg kg-1,,Roots,,1.29,,0.82,,,0.81,,,0.51,,mg kg-1,,Stalks,,,,,,,,,,,,,,,
2392,Kacalkova,2014,Czech Republic,Hradec Kralove,,,,,,,,855,F4,Luvisol,8.21,,,,,Loamy,,,,,,,,,,,,118,mg kg-1,Mehlich iii,,1.6,,193,,,23,,,39,,mg kg-1,,total,Bioavailable (unspecified method),Willow,Salix gmelinii,Salix x smithiana,,,,,,,,1.97,,1.95,,,2.59,,,0.46,,mg kg-1,,leaves,,0.72,,3.37,,,2.36,,,0.89,,mg kg-1,,Roots,,1.16,,0.78,,,0.94,,,0.45,,mg kg-1,,Stalks,,,,,,,,,,,,,,,
2392,Kacalkova,2014,Czech Republic,Hradec Kralove,,,,,,,,855,F5,Luvisol,6.66,,,,,Loamy,,,,,,,,,,,,1042,mg kg-1,Mehlich iii,,6.8,,167,,,122,,,141,,mg kg-1,,total,Bioavailable (unspecified method),Willow,Salix gmelinii,Salix x smithiana,,,,,,,,1.38,,1.95,,,3.88,,,0.17,,mg kg-1,,leaves,,1.36,,2.96,,,3.1,,,2.89,,mg kg-1,,Roots,,1.35,,2.05,,,1.41,,,0.34,,mg kg-1,,Stalks,,,,,,,,,,,,,,,
2392,Kacalkova,2014,Czech Republic,Hradec Kralove,,,,,,,,855,F3,Luvisol,8.23,,,,,Loamy,,,,,,,,,,,,133,mg kg-1,Mehlich iii,,2,,44,,,31,,,40,,mg kg-1,,total,Bioavailable (unspecified method),Poplar,Populus nigra x Populus maximowiczii,,,,,,,,,0.99,,0.51,,,0.6,,,0.2,,mg kg-1,,leaves,,0.69,,1.39,,,0.83,,,0.6,,mg kg-1,,Roots,,0.94,,0.52,,,0.59,,,0.15,,mg kg-1,,Stalks,,,,,,,,,,,,,,,
2392,Kacalkova,2014,Czech Republic,Hradec Kralove,,,,,,,,855,F4,Luvisol,8.21,,,,,Loamy,,,,,,,,,,,,118,mg kg-1,Mehlich iii,,1.6,,193,,,23,,,39,,mg kg-1,,total,Bioavailable (unspecified method),Poplar,Populus nigra x Populus maximowiczii,,,,,,,,,1.03,,1.24,,,1.26,,,0.67,,mg kg-1,,leaves,,0.77,,1.64,,,1.78,,,1.06,,mg kg-1,,Roots,,0.57,,0.57,,,0.51,,,0.16,,mg kg-1,,Stalks,,,,,,,,,,,,,,,
2392,Kacalkova,2014,Czech Republic,Hradec Kralove,,,,,,,,855,F5,Luvisol,6.66,,,,,Loamy,,,,,,,,,,,,1042,mg kg-1,Mehlich iii,,6.8,,167,,,122,,,141,,mg kg-1,,total,Bioavailable (unspecified method),Poplar,Populus nigra x Populus maximowiczii,,,,,,,,,1.18,,1.62,,,1.1,,,0.78,,mg kg-1,,leaves,,0.66,,1.33,,,0.98,,,0.74,,mg kg-1,,Roots,,0.94,,1.01,,,0.58,,,0.31,,mg kg-1,,Stalks,,,,,,,,,,,,,,,
255,Kacalkova,2015,Czech Republic,Hradec Kralove,,,,,,,2,,F3,Luvisol,8.23,,,,,Loamy,,,,,,,,,,,,133,mg kg-1,Mehlich iii,,0.53,24.4,,96.1,,,,,,,mg kg-1,,total,CH3COOH available metal,W1,Salix rubens,,5 plant/m2,,9.2,3.2,2.4,,,7.26,11,,1050,,,,,,,mg kg-1,,leaves,,0.65,9,,55,,,,,,,mg kg-1,,Roots,,3.98,17.7,,330,,,,,,,mg kg-1,,Twigs,,,,,,,,,,,,,,,
255,Kacalkova,2015,Czech Republic,Hradec Kralove,,,,,,,2,,F4,Luvisol,8.21,,,,,Loamy,,,,,,,,,,,,118,mg kg-1,Mehlich iii,,0.91,51.6,,124,,,,,,,mg kg-1,,total,CH3COOH available metal,W1,Salix rubens,,5 plant/m2,,9.8,5.9,1.9,,,5.32,8.9,,851,,,,,,,mg kg-1,,leaves,,1.74,9.1,,53.8,,,,,,,mg kg-1,,Roots,,3.05,11.7,,212,,,,,,,mg kg-1,,Twigs,,,,,,,,,,,,,,,
255,Kacalkova,2015,Czech Republic,Hradec Kralove,,,,,,,2,,F5,Luvisol,6.66,,,,,Loamy,,,,,,,,,,,,1042,mg kg-1,Mehlich iii,,1.3,80.8,,174,,,,,,,mg kg-1,,total,CH3COOH available metal,W1,Salix rubens,,5 plant/m2,,9.8,5.7,4,,,5.16,12.2,,1012,,,,,,,mg kg-1,,leaves,,0.46,8.9,,33.9,,,,,,,mg kg-1,,Roots,,2.47,13.1,,262,,,,,,,mg kg-1,,Twigs,,,,,,,,,,,,,,,
255,Kacalkova,2015,Czech Republic,Hradec Kralove,,,,,,,2,,F3,Luvisol,8.23,,,,,Loamy,,,,,,,,,,,,133,mg kg-1,Mehlich iii,,0.53,24.4,,96.1,,,,,,,mg kg-1,,total,CH3COOH available metal,W2,Salix gmelinii,Salix x smithiana,5 plant/m2,,25.5,12.7,2.5,,,8.18,12.3,,1020,,,,,,,mg kg-1,,leaves,,1.83,7,,51.9,,,,,,,mg kg-1,,Roots,,3.65,11.7,,316,,,,,,,mg kg-1,,Twigs,,,,,,,,,,,,,,,
255,Kacalkova,2015,Czech Republic,Hradec Kralove,,,,,,,2,,F4,Luvisol,8.21,,,,,Loamy,,,,,,,,,,,,118,mg kg-1,Mehlich iii,,0.91,51.6,,124,,,,,,,mg kg-1,,total,CH3COOH available metal,W2,Salix gmelinii,Salix x smithiana,5 plant/m2,,7.2,3.5,6.4,,,7.31,9.7,,794,,,,,,,mg kg-1,,leaves,,1.28,9.4,,67.7,,,,,,,mg kg-1,,Roots,,4.16,11,,358,,,,,,,mg kg-1,,Twigs,,,,,,,,,,,,,,,
255,Kacalkova,2015,Czech Republic,Hradec Kralove,,,,,,,2,,F5,Luvisol,6.66,,,,,Loamy,,,,,,,,,,,,1042,mg kg-1,Mehlich iii,,1.3,80.8,,174,,,,,,,mg kg-1,,total,CH3COOH available metal,W2,Salix gmelinii,Salix x smithiana,5 plant/m2,,16.2,9.8,2.3,,,5.23,10.5,,748,,,,,,,mg kg-1,,leaves,,3.17,8.1,,58.1,,,,,,,mg kg-1,,Roots,,3.27,12.6,,319,,,,,,,mg kg-1,,Twigs,,,,,,,,,,,,,,,
255,Kacalkova,2015,Czech Republic,Hradec Kralove,,,,,,,2,,F3,Luvisol,8.23,,,,,Loamy,,,,,,,,,,,,133,mg kg-1,Mehlich iii,,0.53,24.4,,96.1,,,,,,,mg kg-1,,total,CH3COOH available metal,P1,Populus nigra x maximowiczii,,5 plant/m2,,10.9,9.5,3.6,,,3.03,7.5,,561,,,,,,,mg kg-1,,leaves,,0.42,5.3,,45.6,,,,,,,mg kg-1,,Roots,,1.71,8.63,,163,,,,,,,mg kg-1,,Twigs,,,,,,,,,,,,,,,
255,Kacalkova,2015,Czech Republic,Hradec Kralove,,,,,,,2,,F4,Luvisol,8.21,,,,,Loamy,,,,,,,,,,,,118,mg kg-1,Mehlich iii,,0.91,51.6,,124,,,,,,,mg kg-1,,total,CH3COOH available metal,P1,Populus nigra x maximowiczii,,5 plant/m2,,35.9,23.9,5.9,,,1.85,8.2,,461,,,,,,,mg kg-1,,leaves,,0.63,4.8,,28.5,,,,,,,mg kg-1,,Roots,,1.66,9.4,,149,,,,,,,mg kg-1,,Twigs,,,,,,,,,,,,,,,
255,Kacalkova,2015,Czech Republic,Hradec Kralove,,,,,,,2,,F5,Luvisol,6.66,,,,,Loamy,,,,,,,,,,,,1042,mg kg-1,Mehlich iii,,1.3,80.8,,174,,,,,,,mg kg-1,,total,CH3COOH available metal,P1,Populus nigra x maximowiczii,,5 plant/m2,,10.7,11.2,4.9,,,2.1,6.6,,524,,,,,,,mg kg-1,,leaves,,0.71,5,,43.4,,,,,,,mg kg-1,,Roots,,1.69,10.8,,184,,,,,,,mg kg-1,,Twigs,,,,,,,,,,,,,,,
255,Kacalkova,2015,Czech Republic,Hradec Kralove,,,,,,,2,,F3,Luvisol,8.23,,,,,Loamy,,,,,,,,,,,,133,mg kg-1,Mehlich iii,,0.53,24.4,,96.1,,,,,,,mg kg-1,,total,CH3COOH available metal,P2,Populus nigra,,5 plant/m2,,3.9,4.1,2.4,,,1.83,8.2,,538,,,,,,,mg kg-1,,leaves,,0.76,5.5,,62,,,,,,,mg kg-1,,Roots,,1.39,9.1,,199,,,,,,,mg kg-1,,Twigs,,,,,,,,,,,,,,,
255,Kacalkova,2015,Czech Republic,Hradec Kralove,,,,,,,2,,F4,Luvisol,8.21,,,,,Loamy,,,,,,,,,,,,118,mg kg-1,Mehlich iii,,0.91,51.6,,124,,,,,,,mg kg-1,,total,CH3COOH available metal,P2,Populus nigra,,5 plant/m2,,24.2,16.9,2.2,,,1.77,6.8,,445,,,,,,,mg kg-1,,leaves,,0.88,6.4,,53.2,,,,,,,mg kg-1,,Roots,,1.44,11,,206,,,,,,,mg kg-1,,Twigs,,,,,,,,,,,,,,,
255,Kacalkova,2015,Czech Republic,Hradec Kralove,,,,,,,2,,F5,Luvisol,6.66,,,,,Loamy,,,,,,,,,,,,1042,mg kg-1,Mehlich iii,,1.3,80.8,,174,,,,,,,mg kg-1,,total,CH3COOH available metal,P2,Populus nigra,,5 plant/m2,,23.5,19.4,2.2,,,1.38,8.4,,529,,,,,,,mg kg-1,,leaves,,0.69,4.8,,49.9,,,,,,,mg kg-1,,Roots,,1.16,11.8,,194,,,,,,,mg kg-1,,Twigs,,,,,,,,,,,,,,,
671,Korzeniowska,2019,Poland,Poznan,,,,,,,2,,Ni1,Luvisol,5.6,,,0.8,%,"Coarse-textured, low content of clay",,,,,,,,,,,,85,mg kg-1,Egner,,,,,,,67.5,,,,,mg kg-1,4,total,,,Zea mays,,12 plants/plot of 1 m2,630,,,163,g m-2,,,,,,,,,,,,,,,,,,,,,29.5,,,,,mg kg-1,4,Roots,,,,,,,1.1,,,,,mg kg-1,4,Stems,,,,,,,,,,,,,, ,there is more Ni in the soil than what they spiked (ex. 185 instead of 160 ppm)
671,Korzeniowska,2019,Poland,Poznan,,,,,,,2,,Ni2,Luvisol,5.6,,,0.8,%,"Coarse-textured, low content of clay",,,,,,,,,,,,85,mg kg-1,Egner,,,,,,,74.9,,,,,mg kg-1,4,total,,,Zea mays,,12 plants/plot of 1 m2,549,,,162,g m-2,,,,,,,,,,,,,,,,,,,,,80.4,,,,,mg kg-1,4,Roots,,,,,,,2.6,,,,,mg kg-1,4,Stems,,,,,,,,,,,,,,,
671,Korzeniowska,2019,Poland,Poznan,,,,,,,2,,Ni3,Luvisol,5.6,,,0.8,%,"Coarse-textured, low content of clay",,,,,,,,,,,,85,mg kg-1,Egner,,,,,,,187,,,,,mg kg-1,4,total,,,Zea mays,,12 plants/plot of 1 m2,99,,,62,g m-2,,,,,,,,,,,,,,,,,,,,,132,,,,,mg kg-1,4,Roots,,,,,,,10.7,,,,,mg kg-1,4,Stems,,,,,,,,,,,,,,,
671,Korzeniowska,2019,Poland,Poznan,,,,,,,2,,Ni1,Luvisol,5.6,,,0.8,%,"Coarse-textured, low content of clay",,,,,,,,,,,,85,mg kg-1,Egner,,,,,,,45.5,,,,,mg kg-1,4,total,,,Phalaris arundinacea,,6 g of seed/plot,1394,,,821,g m-2,,,,,,,,,,,,,,,,,,,,,50.9,,,,,mg kg-1,4,Roots,,,,,,,,,,,,,,,,,,,,,13.7,,,,,mg kg-1,4,Shoots,
671,Korzeniowska,2019,Poland,Poznan,,,,,,,2,,Ni2,Luvisol,5.6,,,0.8,%,"Coarse-textured, low content of clay",,,,,,,,,,,,85,mg kg-1,Egner,,,,,,,86.6,,,,,mg kg-1,4,total,,,Phalaris arundinacea,,6 g of seed/plot,1295,,,697,g m-2,,,,,,,,,,,,,,,,,,,,,65.5,,,,,mg kg-1,4,Roots,,,,,,,,,,,,,,,,,,,,,21.2,,,,,mg kg-1,4,Shoots,
671,Korzeniowska,2019,Poland,Poznan,,,,,,,2,,Ni3,Luvisol,5.6,,,0.8,%,"Coarse-textured, low content of clay",,,,,,,,,,,,85,mg kg-1,Egner,,,,,,,181,,,,,mg kg-1,4,total,,,Phalaris arundinacea,,6 g of seed/plot,1048,,,595,g m-2,,,,,,,,,,,,,,,,,,,,,133,,,,,mg kg-1,4,Roots,,,,,,,,,,,,,,,,,,,,,31.6,,,,,mg kg-1,4,Shoots,
671,Korzeniowska,2019,Poland,Poznan,,,,,,,2,,Ni1,Luvisol,5.6,,,0.8,%,"Coarse-textured, low content of clay",,,,,,,,,,,,85,mg kg-1,Egner,,,,,,,50.1,,,,,mg kg-1,4,total,,,Salix viminalis,,5 plants/plot of 1 m2,2918,,,438,g m-2,,,,,,,5.6,,,,,mg kg-1,4,leaves,,,,,,,10.1,,,,,mg kg-1,4,Roots,,,,,,,2.1,,,,,mg kg-1,4,Twigs,,,,,,,,,,,,,,,
671,Korzeniowska,2019,Poland,Poznan,,,,,,,2,,Ni2,Luvisol,5.6,,,0.8,%,"Coarse-textured, low content of clay",,,,,,,,,,,,85,mg kg-1,Egner,,,,,,,100,,,,,mg kg-1,4,total,,,Salix viminalis,,5 plants/plot of 1 m2,3100,,,440,g m-2,,,,,,,7.4,,,,,mg kg-1,4,leaves,,,,,,,11.6,,,,,mg kg-1,4,Roots,,,,,,,2.4,,,,,mg kg-1,4,Twigs,,,,,,,,,,,,,,,
671,Korzeniowska,2019,Poland,Poznan,,,,,,,2,,Ni3,Luvisol,5.6,,,0.8,%,"Coarse-textured, low content of clay",,,,,,,,,,,,85,mg kg-1,Egner,,,,,,,185,,,,,mg kg-1,4,total,,,Salix viminalis,,5 plants/plot of 1 m2,1960,,,400,g m-2,,,,,,,10.4,,,,,mg kg-1,4,leaves,,,,,,,26.6,,,,,mg kg-1,4,Roots,,,,,,,4.1,,,,,mg kg-1,4,Twigs,,,,,,,,,,,,,,,
83,Kubatova,2018,Czech Republic,Pribram,49 42'24''N,13 58'32''E,,,6.5,700,4,,,Cambisol,5.66,,,4.1,%,,,,,,,,166,mmol kg-1,,,,14,mg kg-1,Mehlich iii,,7.3,,1370,218,,,,,,,mg kg-1,50,Pseudo-total (aqua regia soluble),Plant-available,S1,(Salix schwerinii x Salix viminalis) x Salix viminalis,,"1 plant/0,325m2",38.77,,,,g/plant,,,,,,,,,,,,,,,,,,,,,,,,,,,,,,54.96,,28.83,506.26,,,,,,,mg kg-1,8,Stems,,,,,,,,,,,,,,,not coppiced
83,Kubatova,2018,Czech Republic,Pribram,49 42'24''N,13 58'32''E,,,6.5,700,4,,,Cambisol,5.66,,,4.1,%,,,,,,,,166,mmol kg-1,,,,14,mg kg-1,Mehlich iii,,7.3,,1370,218,,,,,,,mg kg-1,50,Pseudo-total (aqua regia soluble),Plant-available,S2,Salix smithiana,,"1 plant/0,325m2",132.43,,,,g/plant,,,,,,,,,,,,,,,,,,,,,,,,,,,,,,44.4,,24.53,342.62,,,,,,,mg kg-1,8,Stems,,,,,,,,,,,,,,,not coppiced
83,Kubatova,2018,Czech Republic,Pribram,49 42'24''N,13 58'32''E,,,6.5,700,4,,,Cambisol,5.66,,,4.1,%,,,,,,,,166,mmol kg-1,,,,14,mg kg-1,Mehlich iii,,7.3,,1370,218,,,,,,,mg kg-1,50,Pseudo-total (aqua regia soluble),Plant-available,P1,Populus maximowiczii x Populus nigra,,"1 plant/0,325m2",196.9,,,,g/plant,,,,,,,,,,,,,,,,,,,,,,,,,,,,,,23.6,,30.09,206.83,,,,,,,mg kg-1,8,Stems,,,,,,,,,,,,,,,not coppiced
83,Kubatova,2018,Czech Republic,Pribram,49 42'24''N,13 58'32''E,,,6.5,700,4,,,Cambisol,5.66,,,4.1,%,,,,,,,,166,mmol kg-1,,,,14,mg kg-1,Mehlich iii,,7.3,,1370,218,,,,,,,mg kg-1,50,Pseudo-total (aqua regia soluble),Plant-available,P2,Populus nigra,,"1 plant/0,325m2",101.97,,,,g/plant,,,,,,,,,,,,,,,,,,,,,,,,,,,,,,25.33,,19.48,158.29,,,,,,,mg kg-1,8,Stems,,,,,,,,,,,,,,,not coppiced
83,Kubatova,2018,Czech Republic,Pribram,49 42'24''N,13 58'32''E,,,6.5,700,4,,,Cambisol,5.66,,,4.1,%,,,,,,,,166,mmol kg-1,,,,14,mg kg-1,Mehlich iii,,7.3,,1370,218,,,,,,,mg kg-1,50,Pseudo-total (aqua regia soluble),Plant-available,S1,(Salix schwerinii x Salix viminalis) x Salix viminalis,,"1 plant/0,325m2",1361.23,,,,g/plant,,,,,,,,,,,,,,,,,,,,,,,,,,,,,,27.47,,16.39,285.64,,,,,,,mg kg-1,8,Stems,,,,,,,,,,,,,,,coppiced
83,Kubatova,2018,Czech Republic,Pribram,49 42'24''N,13 58'32''E,,,6.5,700,4,,,Cambisol,5.66,,,4.1,%,,,,,,,,166,mmol kg-1,,,,14,mg kg-1,Mehlich iii,,7.3,,1370,218,,,,,,,mg kg-1,50,Pseudo-total (aqua regia soluble),Plant-available,S2,Salix smithiana,,"1 plant/0,325m2",3843.2,,,,g/plant,,,,,,,,,,,,,,,,,,,,,,,,,,,,,,22.19,,16.39,267.52,,,,,,,mg kg-1,8,Stems,,,,,,,,,,,,,,,coppiced
83,Kubatova,2018,Czech Republic,Pribram,49 42'24''N,13 58'32''E,,,6.5,700,4,,,Cambisol,5.66,,,4.1,%,,,,,,,,166,mmol kg-1,,,,14,mg kg-1,Mehlich iii,,7.3,,1370,218,,,,,,,mg kg-1,50,Pseudo-total (aqua regia soluble),Plant-available,P1,Populus maximowiczii x Populus nigra,,"1 plant/0,325m2",4171.81,,,,g/plant,,,,,,,,,,,,,,,,,,,,,,,,,,,,,,10.65,,17.94,148.66,,,,,,,mg kg-1,8,Stems,,,,,,,,,,,,,,,coppiced
83,Kubatova,2018,Czech Republic,Pribram,49 42'24''N,13 58'32''E,,,6.5,700,4,,,Cambisol,5.66,,,4.1,%,,,,,,,,166,mmol kg-1,,,,14,mg kg-1,Mehlich iii,,7.3,,1370,218,,,,,,,mg kg-1,50,Pseudo-total (aqua regia soluble),Plant-available,P2,Populus nigra,,"1 plant/0,325m2",792.77,,,,g/plant,,,,,,,,,,,,,,,,,,,,,,,,,,,,,,14.55,,16.47,126.95,,,,,,,mg kg-1,8,Stems,,,,,,,,,,,,,,,coppiced
1645,Laidlaw,2012,Australia,Werribee,"37 59'32"" S","144 36'58"" E",,,,,1,,,,6.3,,,,,,,,,,0.4,mS cm-1,,,0.57,%,total,2829,mg kg-1,total,11,1,49,6,240,,36,,,117,,mg kg-1,,total,all fractions available,,Salix caprea,,40000 plant ha-1,,14.99999716,0.304259644,, t ha-1 yr-1,,5.6,4.6,,1305,,4.3,,,1.4,,mg kg-1,3,leaves,,,,,,,,,,,,,,,,2.7,3.8,,204,,1.1,,,0.7,,mg kg-1,3,Stems,,,,,,,,,,,,,,,
1645,Laidlaw,2012,Australia,Werribee,"37 59'32"" S","144 36'58"" E",,,,,1,,,,6.3,,,,,,,,,,0.4,mS cm-1,,,0.57,%,total,2829,mg kg-1,total,11,1,49,6,240,,36,,,117,,mg kg-1,,total,all fractions available,,Salix gmelinii,x calodendron Balana,40000 plant ha-1,,19.09937746,0.588234693,, t ha-1 yr-1,,5.3,4.6,,1484,,3.8,,,0.9,,mg kg-1,3,leaves,,,,,,,,,,,,,,,,2.9,4.4,,250,,1.5,,,0.9,,mg kg-1,3,Stems,,,,,,,,,,,,,,,
1645,Laidlaw,2012,Australia,Werribee,"37 59'32"" S","144 36'58"" E",,,,,1,,,,6.3,,,,,,,,,,0.4,mS cm-1,,,0.57,%,total,2829,mg kg-1,total,11,1,49,6,240,,36,,,117,,mg kg-1,,total,all fractions available,,Salix gmelinii,x calodendron Hybrida,40000 plant ha-1,,14.06832156,2.494929083,, t ha-1 yr-1,,3.8,6,,957,,2.8,,,0.9,,mg kg-1,3,leaves,,,,,,,,,,,,,,,,2.5,3.5,,247,,1.6,,,1.1,,mg kg-1,3,Stems,,,,,,,,,,,,,,,
1645,Laidlaw,2012,Australia,Werribee,"37 59'32"" S","144 36'58"" E",,,,,1,,,,6.3,,,,,,,,,,0.4,mS cm-1,,,0.57,%,total,2829,mg kg-1,total,11,1,49,6,240,,36,,,117,,mg kg-1,,total,all fractions available,,Salix chilensis,,40000 plant ha-1,,2.888193071,0.953346266,, t ha-1 yr-1,,1.8,7.9,,404,,4.9,,,1.1,,mg kg-1,4,leaves,,,,,,,,,,,,,,,,1.8,7.8,,46,,4.3,,,5.7,,mg kg-1,4,Stems,,,,,,,,,,,,,,,
1645,Laidlaw,2012,Australia,Werribee,"37 59'32"" S","144 36'58"" E",,,,,1,,,,6.3,,,,,,,,,,0.4,mS cm-1,,,0.57,%,total,2829,mg kg-1,total,11,1,49,6,240,,36,,,117,,mg kg-1,,total,all fractions available,,Salix matsudana,,40000 plant ha-1,,20.86956237,5.456389002,, t ha-1 yr-1,,1.5,5.9,,381,,2.2,,,0.4,,mg kg-1,5,leaves,,,,,,,,,,,,,,,,1.6,4.9,,94,,0.9,,,1.2,,mg kg-1,5,Stems,,,,,,,,,,,,,,,
1645,Laidlaw,2012,Australia,Werribee,"37 59'32"" S","144 36'58"" E",,,,,1,,,,6.3,,,,,,,,,,0.4,mS cm-1,,,0.57,%,total,2829,mg kg-1,total,11,1,49,6,240,,36,,,117,,mg kg-1,,total,all fractions available,,Salix reichardtii,x reichardtii,40000 plant ha-1,,15.18633398,2.068965581,, t ha-1 yr-1,,2.6,5.3,,323,,2.9,,,0.6,,mg kg-1,5,leaves,,,,,,,,,,,,,,,,1.2,2.9,,82,,1.8,,,1.2,,mg kg-1,5,Stems,,,,,,,,,,,,,,,
1645,Laidlaw,2012,Australia,Werribee,"37 59'32"" S","144 36'58"" E",,,,,1,,,,6.3,,,,,,,,,,0.4,mS cm-1,,,0.57,%,total,2829,mg kg-1,total,11,1,49,6,240,,36,,,117,,mg kg-1,,total,all fractions available,,Salix viminalis,,40000 plant ha-1,,10.90062112,2.860040656,, t ha-1 yr-1,,2.7,4.9,,707,,3,,,0.9,,mg kg-1,5,leaves,,,,,,,,,,,,,,,,1.6,4.3,,190,,1.5,,,1.5,,mg kg-1,5,Stems,,,,,,,,,,,,,,,
2140,Padoan,2020,Italy,Turin,45 03' N,7 40' E,humid subtropical,,,800,2,,,,8.4,,,1.93,%,,5.6,%,65.3,%,,,5.2,cmol/kg,0.11,%,total,13.1,mg kg-1,P olsen,,1.7,96,203,421,,185,27.9,,195,,mg kg-1,32,total,Bioavailable (DTPA),P1,Populus deltoides,subsp. monilifera (x canadensis),10000 trees/ha,2587,,,,kg/ha,,,13.4,5,89,,6.25,,,,,mg kg-1,,leaves,,,12.05,13.75,127,,8.95,,,,,mg kg-1,,Roots,,,10.85,8.75,168,,<2.3,,,,,mg kg-1,,Stems,,,,,,,,,,,,,,,
2140,Padoan,2020,Italy,Turin,45 03' N,7 40' E,humid subtropical,,,800,2,,,,8.4,,,1.93,%,,5.6,%,65.3,%,,,5.2,cmol/kg,0.11,%,total,13.1,mg kg-1,P olsen,,1.7,96,203,421,,185,27.9,,195,,mg kg-1,32,total,Bioavailable (DTPA),P2,Populus deltoides,,10000 trees/ha,1643,,,,kg/ha,,,10.5,<4.0,490,,5.25,,,,,mg kg-1,,leaves,,,7.65,14.35,65,,10.1,,,,,mg kg-1,,Roots,,,8.7,7.75,157,,<2.3,,,,,mg kg-1,,Stems,,,,,,,,,,,,,,,
2140,Padoan,2020,Italy,Turin,45 03' N,7 40' E,humid subtropical,,,800,2,,,,8.4,,,1.93,%,,5.6,%,65.3,%,,,5.2,cmol/kg,0.11,%,total,13.1,mg kg-1,P olsen,,1.7,96,203,421,,185,27.9,,195,,mg kg-1,32,total,Bioavailable (DTPA),P3,Populus alba,,10000 trees/ha,1606,,,,kg/ha,,,11.9,25.1,1003,,4.4,,,,,mg kg-1,,leaves,,,13.15,12.85,157,,7.6,,,,,mg kg-1,,Roots,,,8.4,8.5,259,,<2.3,,,,,mg kg-1,,Stems,,,,,,,,,,,,,,,
2140,Padoan,2020,Italy,Turin,45 03' N,7 40' E,humid subtropical,,,800,2,,,,8.4,,,1.93,%,,5.6,%,65.3,%,,,5.2,cmol/kg,0.11,%,total,13.1,mg kg-1,P olsen,,1.6,92,227,396,,186,27.7,,191,,mg kg-1,32,total,Bioavailable (DTPA),S1,Salix alba,,10000 trees/ha,2641,,,,kg/ha,,,11.15,9,610,,6.4,,,,,mg kg-1,,leaves,,,11.95,14.4,112,,11.6,,,,,mg kg-1,,Roots,,,10.4,7.85,270,,<2.3,,,,,mg kg-1,,Stems,,,,,,,,,,,,,,,
2140,Padoan,2020,Italy,Turin,45 03' N,7 40' E,humid subtropical,,,800,2,,,,8.4,,,1.93,%,,5.6,%,65.3,%,,,5.2,cmol/kg,0.11,%,total,13.1,mg kg-1,P olsen,,1.6,92,227,396,,186,27.7,,191,,mg kg-1,32,total,Bioavailable (DTPA),S2,Salix viminalis,,10000 trees/ha,1440,,,,kg/ha,,,15.5,8.4,897,,8.4,,,,,mg kg-1,,leaves,,,9.65,9.75,168,,8.15,,,,,mg kg-1,,Roots,,,9.45,7.35,380.6,,<2.3,,,,,mg kg-1,,Stems,,,,,,,,,,,,,,,
2140,Padoan,2020,Italy,Turin,45 03' N,7 40' E,humid subtropical,,,800,2,,,,8.4,,,1.93,%,,5.6,%,65.3,%,,,5.2,cmol/kg,0.11,%,total,13.1,mg kg-1,P olsen,,1.6,92,227,396,,186,27.7,,191,,mg kg-1,32,total,Bioavailable (DTPA),S3,Salix babylonica,,10000 trees/ha,2671,,,,kg/ha,,,13.05,5.55,413,,9,,,,,mg kg-1,,leaves,,,20.7,15.6,141,,12.55,,,,,mg kg-1,,Roots,,,10.8,<4.0,302,,3.9,,,,,mg kg-1,,Stems,,,,,,,,,,,,,,,
2140,Padoan,2020,Italy,Turin,45 03' N,7 40' E,humid subtropical,,,800,2,,,,8.4,,,1.93,%,,5.6,%,65.3,%,,,5.2,cmol/kg,0.11,%,total,13.1,mg kg-1,P olsen,,1.6,81,193,442,,186,28.1,,206,,mg kg-1,32,total,Bioavailable (DTPA),R1,Robinia pseudoacacia,,10000 trees/ha,4922,,,,kg/ha,,,5.65,<4.0,39.9,,<2.3 ,,,,,mg kg-1,,leaves,,,18.7,16.75,30.6,,12.7,,,,,mg kg-1,,Roots,,,8.95,7.05,31.5,,3.1,,,,,mg kg-1,,Stems,,,,,,,,,,,,,,,
2140,Padoan,2020,Italy,Turin,45 03' N,7 40' E,humid subtropical,,,800,2,,,,8.4,,,1.93,%,,5.6,%,65.3,%,,,5.2,cmol/kg,0.11,%,total,13.1,mg kg-1,P olsen,,1.6,81,193,442,,186,28.1,,206,,mg kg-1,32,total,Bioavailable (DTPA),R2,Robinia pseudoacacia,,10000 trees/ha,3290,,,,kg/ha,,,5,<4.0,38.1,,2.65,,,,,mg kg-1,,leaves,,,12.9,19.6,44,,18.3,,,,,mg kg-1,,Roots,,,7.45,5.75,35,,<2.3,,,,,mg kg-1,,Stems,,,,,,,,,,,,,,,
2140,Padoan,2020,Italy,Turin,45 03' N,7 40' E,humid subtropical,,,800,2,,,,8.4,,,1.93,%,,5.6,%,65.3,%,,,5.2,cmol/kg,0.11,%,total,13.1,mg kg-1,P olsen,,1.6,81,193,442,,186,28.1,,206,,mg kg-1,32,total,Bioavailable (DTPA),R3,Robinia pseudoacacia,,10000 trees/ha,4153,,,,kg/ha,,,7,<4.0,40.5,,3.1,,,,,mg kg-1,,leaves,,,11.95,14.9,32,,9.35,,,,,mg kg-1,,Roots,,,7.7,7.1,31,,<2.3,,,,,mg kg-1,,Stems,,,,,,,,,,,,,,,
253,Sylvain,2016,France,La petite faye,"46 08'37"" N","01 34'23"" E",,20,,,,45,T,Technosol,6.91,,,,,,,,,,,,,,,,,,,,1593,,,210.6,,,,,,,,mg kg-1,4,total,water soluble (soil pore water),,Salix viminalis,,,,0.010304421,0.062763454,0.010280382,g,110.6557488,,,3.493975904,,,,,,,,mg kg-1,4,leaves,2320.225179,,,108.1081081,,,,,,,,mg kg-1,4,Roots,229.5082072,,,2.530120482,,,,,,,,mg kg-1,4,Stems,,,,,,,,,,,,,,,
253,Sylvain,2016,France,La petite faye,"46 08'37"" N","01 34'23"" E",,20,,,,45,L,Litter,5.6,,,,,,,,,,,,,,,,,,,,24.6,,,3.6,,,,,,,,mg kg-1,4,total,water soluble (soil pore water),,Salix viminalis,,,,0.11428569,0.370960201,0.066355159,g,44.26229951,,,2.108433735,,,,,,,,mg kg-1,4,leaves,1443.821092,,,89.18918919,,,,,,,,mg kg-1,4,Roots,21.31145253,,,6.144578313,,,,,,,,mg kg-1,4,Stems,,,,,,,,,,,,,,,
253,Sylvain,2016,France,La petite faye,"46 08'37"" N","01 34'23"" E",,20,,,,45,GT12.5,Garden soil 87.5% + Technosol 12.5%,7.59,,,,,,,,,,,,,,,,,,,,212.4,,,80,,,,,,,,mg kg-1,4,total,water soluble (soil pore water),,Salix viminalis,,,,0.071924287,0.238485793,0.029113874,g,45.73990405,,,2.808638679,,,,,,,,mg kg-1,4,leaves,792.6834851,,,17.5,,,,,,,,mg kg-1,4,Roots,25.11213156,,,1.62037037,,,,,,,,mg kg-1,4,Stems,,,,,,,,,,,,,,,
253,Sylvain,2016,France,La petite faye,"46 08'37"" N","01 34'23"" E",,20,,,,45,GT25,Garden soil 75% + Technosol 25%,7.57,,,,,,,,,,,,,,,,,,,,440.9,,,101.2,,,,,,,,mg kg-1,4,total,water soluble (soil pore water),,Salix viminalis,,,,0.039116756,0.158990529,0.016455671,g,95.96408506,,,14.58333333,,,,,,,,mg kg-1,4,leaves,865.8531003,,,11.99074074,,,,,,,,mg kg-1,4,Roots,42.15243323,,,2.376536617,,,,,,,,mg kg-1,4,Stems,,,,,,,,,,,,,,,
253,Sylvain,2016,France,La petite faye,"46 08'37"" N","01 34'23"" E",,20,,,,45,GT50,Garden soil 50% + Technosol 50%,7.5,,,,,,,,,,,,,,,,,,,,561,,,109.9,,,,,,,,mg kg-1,4,total,water soluble (soil pore water),,Salix viminalis,,,,0.018927444,0.082018943,0.015189868,g,58.29592878,,,2.700610691,,,,,,,,mg kg-1,4,leaves,1231.707875,,,28.51851852,,,,,,,,mg kg-1,4,Roots,72.64572997,,,2.052462542,,,,,,,,mg kg-1,4,Stems,,,,,,,,,,,,,,,
253,Sylvain,2016,France,La petite faye,"46 08'37"" N","01 34'23"" E",,20,,,,45,LT12.5,Technosol 12.5% + Litter 87.5%,5.44,,,,,,,,,,,,,,,,,,,,949.3,,,169,,,,,,,,mg kg-1,4,total,water soluble (soil pore water),,Salix viminalis,,,,0.070662476,0.252365938,0.032911341,g,98.65466765,,,1.836416456,,,,,,,,mg kg-1,4,leaves,3024.390244,,,16.2037037,,,,,,,,mg kg-1,4,Roots,74.43942433,,,0.648148148,,,,,,,,mg kg-1,4,Stems,,,,,,,,,,,,,,,
253,Sylvain,2016,France,La petite faye,"46 08'37"" N","01 34'23"" E",,20,,,,45,LT25,Technosol 25% + Litter 75%,6.03,,,,,,,,,,,,,,,,,,,,1119.7,,,199.1,,,,,,,,mg kg-1,4,total,water soluble (soil pore water),,Salix viminalis,,,,0.065615177,0.205678262,0.017721474,g,107.6233037,,,1.836416456,,,,,,,,mg kg-1,4,leaves,4012.195122,,,18.58024527,,,,,,,,mg kg-1,4,Roots,125.5605346,,,1.08024032,,,,,,,,mg kg-1,4,Stems,,,,,,,,,,,,,,,
253,Sylvain,2016,France,La petite faye,"46 08'37"" N","01 34'23"" E",,20,,,,45,LT50,Technosol 50% + Litter 50%,6.59,,,,,,,,,,,,,,,,,,,,1436.1,,,221,,,,,,,,mg kg-1,4,total,water soluble (soil pore water),,Salix viminalis,,,,0.080757132,0.237223983,0.015189868,g,72.64572997,,,2.592592593,,,,,,,,mg kg-1,4,leaves,3756.098119,,,31.8672823,,,,,,,,mg kg-1,4,Roots,118.385634,,,16.41974979,,,,,,,,mg kg-1,4,Stems,,,,,,,,,,,,,,,
253,Sylvain,2016,France,La petite faye,"46 08'37"" N","01 34'23"" E",,20,,,,45,T,Technosol,6.91,,,,,,,,,,,,,,,,,,,,1593,,,210.6,,,,,,,,mg kg-1,4,total,water soluble (soil pore water),,Salix purpurea,,,,0.044094498,0.17401575,0.030303008,g,61.53847865,,,LOD,,,,,,,,mg kg-1,4,leaves,3095.505687,,,413.0136986,,,,,,,,mg kg-1,4,Roots,161.9433493,,,2.5,,,,,,,,mg kg-1,4,Stems,,,,,,,,,,,,,,,
253,Sylvain,2016,France,La petite faye,"46 08'37"" N","01 34'23"" E",,20,,,,45,L,Litter,5.6,,,,,,,,,,,,,,,,,,,,24.6,,,3.6,,,,,,,,mg kg-1,4,total,water soluble (soil pore water),,Salix purpurea,,,,0.023622046,0.092125979,0.007575743,g,LOD,,,LOD,,,,,,,,mg kg-1,4,leaves,2353.933295,,,376.0273973,,,,,,,,mg kg-1,4,Roots,LOD,,,LOD,,,,,,,,mg kg-1,4,Stems,,,,,,,,,,,,,,,
253,Sylvain,2016,France,La petite faye,"46 08'37"" N","01 34'23"" E",,20,,,,45,GT12.5,Garden soil 87.5% + Technosol 12.5%,7.59,,,,,,,,,,,,,,,,,,,,212.4,,,80,,,,,,,,mg kg-1,4,total,water soluble (soil pore water),,Salix purpurea,,,,0.147435878,0.415384615,0.049367156,g,188.7931034,,,LOD,,,,,,,,mg kg-1,4,leaves,789.1571249,,,67.6471335,,,,,,,,mg kg-1,4,Roots,205.1724006,,,LOD,,,,,,,,mg kg-1,4,Stems,,,,,,,,,,,,,,,
253,Sylvain,2016,France,La petite faye,"46 08'37"" N","01 34'23"" E",,20,,,,45,GT25,Garden soil 75% + Technosol 25%,7.57,,,,,,,,,,,,,,,,,,,,440.9,,,101.2,,,,,,,,mg kg-1,4,total,water soluble (soil pore water),,Salix purpurea,,,,0.126923077,0.379487199,0.037974691,g,187.9310082,,,LOD,,,,,,,,mg kg-1,4,leaves,1150.60229,,,41.32425756,,,,,,,,mg kg-1,4,Roots,183.6206897,,,LOD,,,,,,,,mg kg-1,4,Stems,,,,,,,,,,,,,,,
253,Sylvain,2016,France,La petite faye,"46 08'37"" N","01 34'23"" E",,20,,,,45,GT50,Garden soil 50% + Technosol 50%,7.5,,,,,,,,,,,,,,,,,,,,561,,,109.9,,,,,,,,mg kg-1,4,total,water soluble (soil pore water),,Salix purpurea,,,,0.132051262,0.417948738,0.040506356,g,216.379284,,,LOD,,,,,,,,mg kg-1,4,leaves,1331.3257,,,80.25209696,,,,,,,,mg kg-1,4,Roots,231.0344696,,,LOD,,,,,,,,mg kg-1,4,Stems,,,,,,,,,,,,,,,
253,Sylvain,2016,France,La petite faye,"46 08'37"" N","01 34'23"" E",,20,,,,45,LT12.5,Technosol 12.5% + Litter 87.5%,5.44,,,,,,,,,,,,,,,,,,,,949.3,,,169,,,,,,,,mg kg-1,4,total,water soluble (soil pore water),,Salix purpurea,,,,0.029487199,0.123076923,0.008860742,g,173.2758621,,,LOD,,,,,,,,mg kg-1,4,leaves,2234.93944,,,279.4118122,,,,,,,,mg kg-1,4,Roots,267.2413662,,,LOD,,,,,,,,mg kg-1,4,Stems,,,,,,,,,,,,,,,
253,Sylvain,2016,France,La petite faye,"46 08'37"" N","01 34'23"" E",,20,,,,45,LT25,Technosol 25% + Litter 75%,6.03,,,,,,,,,,,,,,,,,,,,1119.7,,,199.1,,,,,,,,mg kg-1,4,total,water soluble (soil pore water),,Salix purpurea,,,,0.052564122,0.155128186,0.020253149,g,51.72413793,,,LOD,,,,,,,,mg kg-1,4,leaves,2054.216858,,,269.3277607,,,,,,,,mg kg-1,4,Roots,81.03443014,,,LOD,,,,,,,,mg kg-1,4,Stems,,,,,,,,,,,,,,,
253,Sylvain,2016,France,La petite faye,"46 08'37"" N","01 34'23"" E",,20,,,,45,LT50,Technosol 50% + Litter 50%,6.59,,,,,,,,,,,,,,,,,,,,1436.1,,,221,,,,,,,,mg kg-1,4,total,water soluble (soil pore water),,Salix purpurea,,,,0.032051262,0.121794891,0.01645568,g,80.17241379,,,LOD,,,,,,,,mg kg-1,4,leaves,1873.494275,,,102.9411697,,,,,,,,mg kg-1,4,Roots,61.20687024,,,LOD,,,,,,,,mg kg-1,4,Stems,,,,,,,,,,,,,,,
1008,Tlustos,2007,Czech Republic,Litavka River,,,,,,,3,,,Cambisol,6.1,,,2.1,%,,,,,,,,,,,,,36.8,mg kg-1,total,37.5,4.73,,1158,180,,,,,,,mg kg-1,,total,,S-218,Salix gmelinii,Salix x smithiana,3 cuttings/pot,,,,,,1.47,40.2,,5.36,386,,,,,,,mg kg-1,,leaves,11.9,11.3,,330,127,,,,,,,mg kg-1,4,Roots,0.495,25.5,,20.4,214,,,,,,,mg kg-1,4,Twigs,,,,,,,,,,,,,,,
1008,Tlustos,2007,Czech Republic,Litavka River,,,,,,,3,,,Cambisol,6.1,,,2.1,%,,,,,,,,,,,,,36.8,mg kg-1,total,37.5,4.73,,1158,180,,,,,,,mg kg-1,,total,,S-150,Salix gmelinii,Salix x smithiana,3 cuttings/pot,,,,,,2.09,36.8,,11.7,352,,,,,,,mg kg-1,,leaves,8.72,11.6,,456,120,,,,,,,mg kg-1,4,Roots,0.594,22.4,,21.8,150,,,,,,,mg kg-1,4,Twigs,,,,,,,,,,,,,,,
1008,Tlustos,2007,Czech Republic,Litavka River,,,,,,,3,,,Cambisol,6.1,,,2.1,%,,,,,,,,,,,,,36.8,mg kg-1,total,37.5,4.73,,1158,180,,,,,,,mg kg-1,,total,,S-519,Salix viminalis,,3 cuttings/pot,,,,,,1.5,21.5,,3.86,276,,,,,,,mg kg-1,,leaves,7.04,8.11,,221,87.7,,,,,,,mg kg-1,4,Roots,0.579,13.8,,7.34,119,,,,,,,mg kg-1,4,Twigs,,,,,,,,,,,,,,,
1008,Tlustos,2007,Czech Republic,Litavka River,,,,,,,3,,,Cambisol,6.1,,,2.1,%,,,,,,,,,,,,,36.8,mg kg-1,total,37.5,4.73,,1158,180,,,,,,,mg kg-1,,total,,S-464,Salix alba,,3 cuttings/pot,,,,,,0.918,30.5,,3.77,278,,,,,,,mg kg-1,,leaves,5,12.9,,439,171,,,,,,,mg kg-1,4,Roots,0.525,20.5,,16.8,233,,,,,,,mg kg-1,4,Twigs,,,,,,,,,,,,,,,
1008,Tlustos,2007,Czech Republic,Litavka River,,,,,,,3,,,Cambisol,6.1,,,2.1,%,,,,,,,,,,,,,36.8,mg kg-1,total,37.5,4.73,,1158,180,,,,,,,mg kg-1,,total,,S-141,Salix alba,Pyramidalis,3 cuttings/pot,,,,,,1.29,30.6,,6.54,460,,,,,,,mg kg-1,,leaves,11.8,20,,274,162,,,,,,,mg kg-1,4,Roots,0.401,24.5,,19.4,192,,,,,,,mg kg-1,4,Twigs,,,,,,,,,,,,,,,
1008,Tlustos,2007,Czech Republic,Litavka River,,,,,,,3,,,Cambisol,6.1,,,2.1,%,,,,,,,,,,,,,36.8,mg kg-1,total,37.5,4.73,,1158,180,,,,,,,mg kg-1,,total,,S-406,Salix gmelinii,Salix dasyclados,3 cuttings/pot,,,,,,0.96,41.7,,11.1,406,,,,,,,mg kg-1,,leaves,5.6,12.1,,445,131,,,,,,,mg kg-1,4,Roots,0.508,23.9,,26.7,225,,,,,,,mg kg-1,4,Twigs,,,,,,,,,,,,,,,
1008,Tlustos,2007,Czech Republic,Litavka River,,,,,,,3,,,Cambisol,6.1,,,2.1,%,,,,,,,,,,,,,36.8,mg kg-1,total,37.5,4.73,,1158,180,,,,,,,mg kg-1,,total,,S-391,Salix rubens,,3 cuttings/pot,,,,,,1.23,79.6,,10.8,951,,,,,,,mg kg-1,,leaves,6.97,16.6,,418,132,,,,,,,mg kg-1,4,Roots,0.663,38.9,,27.2,245,,,,,,,mg kg-1,4,Twigs,,,,,,,,,,,,,,,
1008,Tlustos,2007,Czech Republic,Litavka River,,,,,,,2,,,Fluvisol,5.3,,,1.8,%,,,,,,,,,,,,,58.8,mg kg-1,total,64.1,30.5,,2297,3718,,,,,,,mg kg-1,,total,,S-218,Salix gmelinii,Salix x smithiana,3 cuttings/pot,,,,,,5.94,28.2,,3.88,1908,,,,,,,mg kg-1,,leaves,124,84.6,,306,2562,,,,,,,mg kg-1,4,Roots,6.64,29.4,,4.96,1139,,,,,,,mg kg-1,4,Twigs,,,,,,,,,,,,,,,
1008,Tlustos,2007,Czech Republic,Litavka River,,,,,,,2,,,Fluvisol,5.3,,,1.8,%,,,,,,,,,,,,,58.8,mg kg-1,total,64.1,30.5,,2297,3718,,,,,,,mg kg-1,,total,,S-150,Salix gmelinii,Salix x smithiana,3 cuttings/pot,,,,,,2.97,39,,2.26,2758,,,,,,,mg kg-1,,leaves,170,74.5,,411,2597,,,,,,,mg kg-1,4,Roots,6.7,27.7,,11.2,1090,,,,,,,mg kg-1,4,Twigs,,,,,,,,,,,,,,,
1008,Tlustos,2007,Czech Republic,Litavka River,,,,,,,2,,,Fluvisol,5.3,,,1.8,%,,,,,,,,,,,,,58.8,mg kg-1,total,64.1,30.5,,2297,3718,,,,,,,mg kg-1,,total,,S-519,Salix viminalis,,3 cuttings/pot,,,,,,1.8,34.9,,1.21,2291,,,,,,,mg kg-1,,leaves,176,63.4,,370,2544,,,,,,,mg kg-1,4,Roots,2.98,23.8,,7.88,830,,,,,,,mg kg-1,4,Twigs,,,,,,,,,,,,,,,
1008,Tlustos,2007,Czech Republic,Litavka River,,,,,,,2,,,Fluvisol,5.3,,,1.8,%,,,,,,,,,,,,,58.8,mg kg-1,total,64.1,30.5,,2297,3718,,,,,,,mg kg-1,,total,,S-464,Salix alba,,3 cuttings/pot,,,,,,1.12,11.7,,0.616,1405,,,,,,,mg kg-1,,leaves,108,53.8,,168,1736,,,,,,,mg kg-1,4,Roots,0.65,9.54,,2.67,537,,,,,,,mg kg-1,4,Twigs,,,,,,,,,,,,,,,
1008,Tlustos,2007,Czech Republic,Litavka River,,,,,,,2,,,Fluvisol,5.3,,,1.8,%,,,,,,,,,,,,,58.8,mg kg-1,total,64.1,30.5,,2297,3718,,,,,,,mg kg-1,,total,,S-141,Salix alba,Pyramidalis',3 cuttings/pot,,,,,,2.43,67.3,,4.63,2607,,,,,,,mg kg-1,,leaves,156,95,,314,2272,,,,,,,mg kg-1,4,Roots,1.66,54.6,,6.45,1095,,,,,,,mg kg-1,4,Twigs,,,,,,,,,,,,,,,
1008,Tlustos,2007,Czech Republic,Litavka River,,,,,,,2,,,Fluvisol,5.3,,,1.8,%,,,,,,,,,,,,,58.8,mg kg-1,total,64.1,30.5,,2297,3718,,,,,,,mg kg-1,,total,,S-406,Salix gmelinii,Salix dasyclados,3 cuttings/pot,,,,,,2.34,77.4,,4.62,2498,,,,,,,mg kg-1,,leaves,229,111,,285,2918,,,,,,,mg kg-1,4,Roots,3.76,73.2,,17.2,1496,,,,,,,mg kg-1,4,Twigs,,,,,,,,,,,,,,,
1008,Tlustos,2007,Czech Republic,Litavka River,,,,,,,2,,,Fluvisol,5.3,,,1.8,%,,,,,,,,,,,,,58.8,mg kg-1,total,64.1,30.5,,2297,3718,,,,,,,mg kg-1,,total,,S-391,Salix rubens,,3 cuttings/pot,,,,,,3.84,163,,1.84,3991,,,,,,,mg kg-1,,leaves,177,128,,674,3216,,,,,,,mg kg-1,4,Roots,2.81,75.3,,4.95,1157,,,,,,,mg kg-1,4,Twigs,,,,,,,,,,,,,,,
21,Tozser,2018,Hungary,Debrecen city,"47 29'000"" N","21 35'738"" E",,,9.8,570,3,,Moderately contaminated 1 (northern),,7.7,6.3,%,,,,,,,,,,,,,,,,,,,0.7,35.3,27.4,153,,23.8,,396,129,,mg kg-1,27,total,,,Salix viminalis,,total: 5800 cuttings in 5 x 8 m,,,,,,,1.19,7.58,0.08,619,,0.9,,171,0.3,,mg kg-1,18,leaves,,1.56,22.7,1.77,234,,2.92,,56.1,5.62,,mg kg-1,18,Roots,,,,,,,,,,,,,,,,,,,,,,,,,,,,,
21,Tozser,2018,Hungary,Debrecen city,"47 29'000"" N","21 35'738"" E",,,9.8,570,3,,Strongly contaminated (middle),,7.7,8,%,,,,,,,,,,,,,,,,,,,1.4,49.3,44.3,192,,32.1,,380,303,,mg kg-1,27,total,,,Salix viminalis,,total: 5800 cuttings in 5 x 8 m,,,,,,,1.57,8.64,0.17,800,,0.85,,268,0.06,,mg kg-1,18,leaves,,0.74,18,0.97,177,,2.11,,47.2,4.31,,mg kg-1,18,Roots,,,,,,,,,,,,,,,,,,,,,,,,,,,,,
21,Tozser,2018,Hungary,Debrecen city,"47 29'000"" N","21 35'738"" E",,,9.8,570,3,,Moderately contaminated 2 (southern),,7.8,4.4,%,,,,,,,,,,,,,,,,,,,0.7,17.6,8,60.8,,25.8,,339,63.3,,mg kg-1,27,total,,,Salix viminalis,,total: 5800 cuttings in 5 x 8 m,,,,,,,1.01,7.87,0.19,269,,0.4,,102,0.03,,mg kg-1,18,leaves,,0.47,15.4,0.51,123,,6.68,,66.2,4.08,,mg kg-1,18,Roots,,,,,,,,,,,,,,,,,,,,,,,,,,,,,
1075,Trakal,2011,Czech Republic,,,,,,,,2,,final soil control,Gleyic Cambisol,6.62,,,3.2,%,,,,,,,,64.2,mmol(+)/kg,7.09,mg kg-1,mineral N,,,,,3.72,,51.1,24.7,,,,,,,mg kg-1,5,total,exchangable metal,S-218,Salix gmelinii,Salix x smithiana,,47.9,,,,g/pot,,70.4,,9.14,282,,,,,,,mg kg-1,5,leaves,,23.7,,371,90.7,,,,,,,mg kg-1,5,Roots,,21.9,,10.1,82.3,,,,,,,mg kg-1,5,Stems,,,,,,,,,,,,,,,
607,Vondrackova,2017,Czech Republic,Trhove Dusniky,,,,,,,4,,LC,Litavka,5.8,,,,,,,,,,,,,,,,,,,,0.8,19,,30,1991,,,,,,,mg kg-1,4,total (metals extracted with acetic acid),,,Salix gmelinii,Salix x smithiana,1 plant/pot,,1.3,2.7,,g/plant,2,49.8,,<0.4,3092,,,,,,,mg kg-1,4,leaves,,,,,,,,,,,,,,,<0.4,31.2,,<0.4,1547,,,,,,,mg kg-1,4,Twigs,,,,,,,,,,,,,,,
607,Vondrackova,2017,Czech Republic,Trhove Dusniky,,,,,,,4,,MC,Malin,7.2,,,,,,,,,,,,,,,,,,,,13.1,2.9,,<0.4,294,,,,,,,mg kg-1,4,total (metals extracted with acetic acid),,,Salix gmelinii,Salix x smithiana,1 plant/pot,,18.2,10.9,,g/plant,9.6,22.5,,<0.4,626,,,,,,,mg kg-1,4,leaves,,,,,,,,,,,,,,,<0.4,15.7,,<0.4,276,,,,,,,mg kg-1,4,Twigs,,,,,,,,,,,,,,,
2514,Yang,2021,China,Hangzhou,30 16' N,120 12' E,humid subtropical,,,,,92,non-floooding,,6.4,13.5,g kg-1,,,Clay,46,%,33,%,,,10.3,cmol kg-1,363,mg kg-1,total,78.5,mg kg-1,total,,35.3,5162.3,,2693.2,,,,,,,mg kg-1,3,,,J1052,Salix suchowensis x Salix leucopithecia,,3 plants/pot,,4.196,1.847,0.436,g/plant,,127.4809173,127.2430551,,968.9864066,,,,,,,?g g-1,3,leaves,,103.58381,1421.052632,,942.7082198,,,,,,,?g g-1,,Roots,,58.60081802,36.3941316,3,176.8060908,,,,,,,?g g-1,3,Stems,,,,,,,,,,,,,,,
2514,Yang,2021,China,Hangzhou,30 16' N,120 12' E,humid subtropical,,,,,92,non-floooding,,6.4,13.5,g kg-1,,,Clay,46,%,33,%,,,10.3,cmol kg-1,363,mg kg-1,total,78.5,mg kg-1,total,,35.3,5162.3,,2693.2,,,,,,,mg kg-1,3,,,SS61,Salix suchowensis,,3 plants/pot,,3.407,2.211,0.763,g/plant,,97.32825381,100.8156483,,730.7110607,,,,,,,?g g-1,3,leaves,,113.6994109,1026.315789,,1043.154648,,,,,,,?g g-1,,Roots,,63.04526247,34.38155318,3,152.0912575,,,,,,,?g g-1,3,Stems,,,,,,,,,,,,,,,
2514,Yang,2021,China,Hangzhou,30 16' N,120 12' E,humid subtropical,,,,,92,non-floooding,,6.4,13.5,g kg-1,,,Clay,46,%,33,%,,,10.3,cmol kg-1,363,mg kg-1,total,78.5,mg kg-1,total,,35.3,5162.3,,2693.2,,,,,,,mg kg-1,3,,,SI63,Salix integra,,3 plants/pot,,3.393,1.881,0.503,g/plant,,57.8,99.83687035,,657.8,,,,,,,?g g-1,3,leaves,,101.965319,1605.262756,,1188.243934,,,,,,,?g g-1,,Roots,,40,28.00839329,3,124.7148333,,,,,,,?g g-1,3,Stems,,,,,,,,,,,,,,,
2514,Yang,2021,China,Hangzhou,30 16' N,120 12' E,humid subtropical,,,,,92,non-floooding,,6.4,13.5,g kg-1,,,Clay,46,%,33,%,,,10.3,cmol kg-1,363,mg kg-1,total,78.5,mg kg-1,total,,35.3,5162.3,,2693.2,,,,,,,mg kg-1,3,,,SV683,Salix viminalis,,3 plants/pot,,9.707,1.823,1.081,g/plant,,171.1,117.9445305,,2491.8,,,,,,,?g g-1,3,leaves,,82.13871688,1736.842105,,1418.898753,,,,,,,?g g-1,,Roots,,67.48970691,31.19497324,3,133.840308,,,,,,,?g g-1,3,Stems,,,,,,,,,,,,,,,
2514,Yang,2021,China,Hangzhou,30 16' N,120 12' E,humid subtropical,,,,,92,non-floooding,,6.4,13.5,g kg-1,,,Clay,46,%,33,%,,,10.3,cmol kg-1,363,mg kg-1,total,78.5,mg kg-1,total,,35.3,5162.3,,2693.2,,,,,,,mg kg-1,3,,,JW8-26,Salix suchowensis x Salix integra,,3 plants/pot,,4.416,2.52,1.104,g/plant,,66.41220833,134.0946125,,672.465653,,,,,,,?g g-1,3,leaves,,94.27744534,1197.367618,,1809.523753,,,,,,,?g g-1,,Roots,,41.64608802,27.00210408,3,108.7452524,,,,,,,?g g-1,3,Stems,,,,,,,,,,,,,,,
2514,Yang,2021,China,Hangzhou,30 16' N,120 12' E,humid subtropical,,,,,92,non-floooding,,6.4,13.5,g kg-1,,,Clay,46,%,33,%,,,10.3,cmol kg-1,363,mg kg-1,total,78.5,mg kg-1,total,,35.3,5162.3,,2693.2,,,,,,,mg kg-1,3,,,JW9-6,Salix integra x Salix suchowensis,,3 plants/pot,,4.026,1.796,0.59,g/plant,,70.22901356,151.2234948,,672.465653,,,,,,,?g g-1,3,leaves,,136.3583768,1249.999598,,1463.54161,,,,,,,?g g-1,,Roots,,56.95473,28.5115379,3,122.0532423,,,,,,,?g g-1,3,Stems,,,,,,,,,,,,,,,
